-- REaaS Synthetic Data Generation
-- Total Projects: 5

BEGIN TRANSACTION;

-- Reverse Engineering Project: DefenseTech_LLC_Gear_Spur_REPL_563
-- Generated: 2026-01-24T10:31:58.438944
-- Scenario: Performance upgrade - improving on original design


-- Project: DefenseTech_LLC_Gear_Spur_REPL_563
INSERT INTO erp_project (
    name,
    part_number,
    gcode,
    created_at,
    material,
    complexity_score,
    estimated_cycle_time,
    dimensions,
    llm_suggestions,
    success,
    vendor_name,
    part_type,
    failure_scenario
) VALUES (
    'DefenseTech_LLC_Gear_Spur_REPL_563',
    'PN-07D32E42',
    '(G-Code generated from reverse-engineered CAD model)',
    '2026-01-24T10:31:58.438944',
    'Titanium6Al4V',
    0.85,
    130.14,
    '{"ideal": {"pitch_diameter": 175.869, "root_diameter": 158.282, "face_width": 52.761, "bore_diameter": 70.348}, "scanned": {"pitch_diameter": 169.41, "root_diameter": 153.1506, "face_width": 48.4056, "bore_diameter": 61.1137}, "deviation": {"pitch_diameter": 6.459, "root_diameter": 5.1314, "face_width": 4.3554, "bore_diameter": 9.2343}, "max_deviation": 9.2343}',
    '{"material_recommendation": "Titanium6Al4V", "complexity_analysis": "Complexity score 0.85 - High", "tooling_suggestions": ["Carbide end mill for roughing", "Coated carbide for finishing"], "risk_factors": ["Material hardness requires careful tool selection", "Wear deviation of 9.234mm indicates significant usage"]}',
    1,
    'DefenseTech_LLC',
    'Gear_Spur',
    'Performance upgrade - improving on original design'
);


-- Job for project 1
INSERT INTO erp_job (
    job_id,
    quantity,
    completed_quantity,
    priority,
    status,
    project_id,
    machine_id,
    started_at
) VALUES (
    'JOB-000001',
    1,
    1,
    1,
    'COMPLETED',
    1,
    1,
    datetime('now')
);


-- Telemetry Data (Biochemical + Physical)

INSERT INTO erp_telemetry (
    timestamp,
    rpm,
    load,
    vibration_x,
    vibration_y,
    vibration_z,
    temperature_c,
    tool_health,
    cortisol,
    dopamine,
    serotonin,
    adrenaline,
    signal,
    anomaly_detected,
    active_tool,
    machine_id,
    job_id
) VALUES (
    '2026-01-24T10:31:58.438944',
    190,
    39.23,
    0.1135,
    0.0901,
    0.0663,
    25.01,
    0.996,
    9.0,
    52.0,
    75.5,
    0,
    'OK',
    0,
    'T01',
    1,
    'JOB-000001'
);

INSERT INTO erp_telemetry (
    timestamp,
    rpm,
    load,
    vibration_x,
    vibration_y,
    vibration_z,
    temperature_c,
    tool_health,
    cortisol,
    dopamine,
    serotonin,
    adrenaline,
    signal,
    anomaly_detected,
    active_tool,
    machine_id,
    job_id
) VALUES (
    '2026-01-24T10:34:34.438944',
    190,
    64.51,
    1.9854,
    1.587,
    1.191,
    26.96,
    0.3719,
    0,
    17.0,
    100,
    0,
    'OK',
    0,
    'T01',
    1,
    'JOB-000001'
);

INSERT INTO erp_telemetry (
    timestamp,
    rpm,
    load,
    vibration_x,
    vibration_y,
    vibration_z,
    temperature_c,
    tool_health,
    cortisol,
    dopamine,
    serotonin,
    adrenaline,
    signal,
    anomaly_detected,
    active_tool,
    machine_id,
    job_id
) VALUES (
    '2026-01-24T10:37:10.438944',
    190,
    79.79,
    3.1004,
    2.4795,
    1.8607,
    28.91,
    0.0,
    100,
    0,
    0,
    100,
    'ALERT',
    1,
    'T01',
    1,
    'JOB-000001'
);

INSERT INTO erp_telemetry (
    timestamp,
    rpm,
    load,
    vibration_x,
    vibration_y,
    vibration_z,
    temperature_c,
    tool_health,
    cortisol,
    dopamine,
    serotonin,
    adrenaline,
    signal,
    anomaly_detected,
    active_tool,
    machine_id,
    job_id
) VALUES (
    '2026-01-24T10:39:46.438944',
    190,
    80.19,
    3.0971,
    2.4782,
    1.8602,
    30.86,
    0.0,
    100,
    0,
    0,
    100,
    'ALERT',
    1,
    'T01',
    1,
    'JOB-000001'
);

INSERT INTO erp_telemetry (
    timestamp,
    rpm,
    load,
    vibration_x,
    vibration_y,
    vibration_z,
    temperature_c,
    tool_health,
    cortisol,
    dopamine,
    serotonin,
    adrenaline,
    signal,
    anomaly_detected,
    active_tool,
    machine_id,
    job_id
) VALUES (
    '2026-01-24T10:42:22.438944',
    190,
    80.82,
    3.1029,
    2.4791,
    1.8612,
    32.81,
    0.0,
    100,
    0,
    0,
    100,
    'ALERT',
    1,
    'T01',
    1,
    'JOB-000001'
);

INSERT INTO erp_telemetry (
    timestamp,
    rpm,
    load,
    vibration_x,
    vibration_y,
    vibration_z,
    temperature_c,
    tool_health,
    cortisol,
    dopamine,
    serotonin,
    adrenaline,
    signal,
    anomaly_detected,
    active_tool,
    machine_id,
    job_id
) VALUES (
    '2026-01-24T10:44:58.438944',
    190,
    80.02,
    3.1008,
    2.4769,
    1.8597,
    34.76,
    0.0,
    100,
    0,
    0,
    100,
    'ALERT',
    1,
    'T01',
    1,
    'JOB-000001'
);

INSERT INTO erp_telemetry (
    timestamp,
    rpm,
    load,
    vibration_x,
    vibration_y,
    vibration_z,
    temperature_c,
    tool_health,
    cortisol,
    dopamine,
    serotonin,
    adrenaline,
    signal,
    anomaly_detected,
    active_tool,
    machine_id,
    job_id
) VALUES (
    '2026-01-24T10:47:34.438944',
    190,
    80.58,
    3.0998,
    2.4781,
    1.8601,
    36.71,
    0.0,
    100,
    0,
    0,
    100,
    'ALERT',
    1,
    'T01',
    1,
    'JOB-000001'
);

INSERT INTO erp_telemetry (
    timestamp,
    rpm,
    load,
    vibration_x,
    vibration_y,
    vibration_z,
    temperature_c,
    tool_health,
    cortisol,
    dopamine,
    serotonin,
    adrenaline,
    signal,
    anomaly_detected,
    active_tool,
    machine_id,
    job_id
) VALUES (
    '2026-01-24T10:50:10.438944',
    190,
    80.75,
    3.0991,
    2.4813,
    1.8573,
    38.66,
    0.0,
    100,
    0,
    0,
    100,
    'ALERT',
    1,
    'T01',
    1,
    'JOB-000001'
);

INSERT INTO erp_telemetry (
    timestamp,
    rpm,
    load,
    vibration_x,
    vibration_y,
    vibration_z,
    temperature_c,
    tool_health,
    cortisol,
    dopamine,
    serotonin,
    adrenaline,
    signal,
    anomaly_detected,
    active_tool,
    machine_id,
    job_id
) VALUES (
    '2026-01-24T10:52:46.438944',
    190,
    80.19,
    3.0969,
    2.4815,
    1.8599,
    40.61,
    0.0,
    100,
    0,
    0,
    100,
    'ALERT',
    1,
    'T01',
    1,
    'JOB-000001'
);

INSERT INTO erp_telemetry (
    timestamp,
    rpm,
    load,
    vibration_x,
    vibration_y,
    vibration_z,
    temperature_c,
    tool_health,
    cortisol,
    dopamine,
    serotonin,
    adrenaline,
    signal,
    anomaly_detected,
    active_tool,
    machine_id,
    job_id
) VALUES (
    '2026-01-24T10:55:22.438944',
    190,
    79.94,
    3.0994,
    2.4774,
    1.8585,
    42.56,
    0.0,
    100,
    0,
    0,
    100,
    'ALERT',
    1,
    'T01',
    1,
    'JOB-000001'
);

INSERT INTO erp_telemetry (
    timestamp,
    rpm,
    load,
    vibration_x,
    vibration_y,
    vibration_z,
    temperature_c,
    tool_health,
    cortisol,
    dopamine,
    serotonin,
    adrenaline,
    signal,
    anomaly_detected,
    active_tool,
    machine_id,
    job_id
) VALUES (
    '2026-01-24T10:57:58.438944',
    190,
    80.31,
    3.1014,
    2.4814,
    1.8582,
    44.51,
    0.0,
    100,
    0,
    0,
    100,
    'ALERT',
    1,
    'T01',
    1,
    'JOB-000001'
);

INSERT INTO erp_telemetry (
    timestamp,
    rpm,
    load,
    vibration_x,
    vibration_y,
    vibration_z,
    temperature_c,
    tool_health,
    cortisol,
    dopamine,
    serotonin,
    adrenaline,
    signal,
    anomaly_detected,
    active_tool,
    machine_id,
    job_id
) VALUES (
    '2026-01-24T11:00:34.438944',
    190,
    80.03,
    3.0986,
    2.4788,
    1.8597,
    46.46,
    0.0,
    100,
    0,
    0,
    100,
    'ALERT',
    1,
    'T01',
    1,
    'JOB-000001'
);

INSERT INTO erp_telemetry (
    timestamp,
    rpm,
    load,
    vibration_x,
    vibration_y,
    vibration_z,
    temperature_c,
    tool_health,
    cortisol,
    dopamine,
    serotonin,
    adrenaline,
    signal,
    anomaly_detected,
    active_tool,
    machine_id,
    job_id
) VALUES (
    '2026-01-24T11:03:10.438944',
    190,
    79.99,
    3.1014,
    2.481,
    1.8581,
    48.41,
    0.0,
    100,
    0,
    0,
    100,
    'ALERT',
    1,
    'T01',
    1,
    'JOB-000001'
);

INSERT INTO erp_telemetry (
    timestamp,
    rpm,
    load,
    vibration_x,
    vibration_y,
    vibration_z,
    temperature_c,
    tool_health,
    cortisol,
    dopamine,
    serotonin,
    adrenaline,
    signal,
    anomaly_detected,
    active_tool,
    machine_id,
    job_id
) VALUES (
    '2026-01-24T11:05:46.438944',
    190,
    80.2,
    3.0999,
    2.4796,
    1.8591,
    50.36,
    0.0,
    100,
    0,
    0,
    100,
    'ALERT',
    1,
    'T01',
    1,
    'JOB-000001'
);

INSERT INTO erp_telemetry (
    timestamp,
    rpm,
    load,
    vibration_x,
    vibration_y,
    vibration_z,
    temperature_c,
    tool_health,
    cortisol,
    dopamine,
    serotonin,
    adrenaline,
    signal,
    anomaly_detected,
    active_tool,
    machine_id,
    job_id
) VALUES (
    '2026-01-24T11:08:22.438944',
    190,
    80.36,
    3.0993,
    2.4815,
    1.8601,
    52.31,
    0.0,
    100,
    0,
    0,
    100,
    'ALERT',
    1,
    'T01',
    1,
    'JOB-000001'
);

INSERT INTO erp_telemetry (
    timestamp,
    rpm,
    load,
    vibration_x,
    vibration_y,
    vibration_z,
    temperature_c,
    tool_health,
    cortisol,
    dopamine,
    serotonin,
    adrenaline,
    signal,
    anomaly_detected,
    active_tool,
    machine_id,
    job_id
) VALUES (
    '2026-01-24T11:10:58.438944',
    190,
    79.74,
    3.1019,
    2.479,
    1.8601,
    54.26,
    0.0,
    100,
    0,
    0,
    100,
    'ALERT',
    1,
    'T01',
    1,
    'JOB-000001'
);

INSERT INTO erp_telemetry (
    timestamp,
    rpm,
    load,
    vibration_x,
    vibration_y,
    vibration_z,
    temperature_c,
    tool_health,
    cortisol,
    dopamine,
    serotonin,
    adrenaline,
    signal,
    anomaly_detected,
    active_tool,
    machine_id,
    job_id
) VALUES (
    '2026-01-24T11:13:34.438944',
    190,
    79.91,
    3.0967,
    2.4807,
    1.8609,
    56.21,
    0.0,
    100,
    0,
    0,
    100,
    'ALERT',
    1,
    'T01',
    1,
    'JOB-000001'
);

INSERT INTO erp_telemetry (
    timestamp,
    rpm,
    load,
    vibration_x,
    vibration_y,
    vibration_z,
    temperature_c,
    tool_health,
    cortisol,
    dopamine,
    serotonin,
    adrenaline,
    signal,
    anomaly_detected,
    active_tool,
    machine_id,
    job_id
) VALUES (
    '2026-01-24T11:16:10.438944',
    190,
    79.96,
    3.1,
    2.4811,
    1.8604,
    58.16,
    0.0,
    100,
    0,
    0,
    100,
    'ALERT',
    1,
    'T01',
    1,
    'JOB-000001'
);

INSERT INTO erp_telemetry (
    timestamp,
    rpm,
    load,
    vibration_x,
    vibration_y,
    vibration_z,
    temperature_c,
    tool_health,
    cortisol,
    dopamine,
    serotonin,
    adrenaline,
    signal,
    anomaly_detected,
    active_tool,
    machine_id,
    job_id
) VALUES (
    '2026-01-24T11:18:46.438944',
    190,
    79.91,
    3.1003,
    2.4795,
    1.8618,
    60.11,
    0.0,
    100,
    0,
    0,
    100,
    'ALERT',
    1,
    'T01',
    1,
    'JOB-000001'
);

INSERT INTO erp_telemetry (
    timestamp,
    rpm,
    load,
    vibration_x,
    vibration_y,
    vibration_z,
    temperature_c,
    tool_health,
    cortisol,
    dopamine,
    serotonin,
    adrenaline,
    signal,
    anomaly_detected,
    active_tool,
    machine_id,
    job_id
) VALUES (
    '2026-01-24T11:21:22.438944',
    190,
    79.75,
    3.0973,
    2.4792,
    1.86,
    62.06,
    0.0,
    100,
    0,
    0,
    100,
    'ALERT',
    1,
    'T01',
    1,
    'JOB-000001'
);

INSERT INTO erp_telemetry (
    timestamp,
    rpm,
    load,
    vibration_x,
    vibration_y,
    vibration_z,
    temperature_c,
    tool_health,
    cortisol,
    dopamine,
    serotonin,
    adrenaline,
    signal,
    anomaly_detected,
    active_tool,
    machine_id,
    job_id
) VALUES (
    '2026-01-24T11:23:58.438944',
    190,
    80.3,
    3.1006,
    2.482,
    1.861,
    64.01,
    0.0,
    100,
    0,
    0,
    100,
    'ALERT',
    1,
    'T01',
    1,
    'JOB-000001'
);

INSERT INTO erp_telemetry (
    timestamp,
    rpm,
    load,
    vibration_x,
    vibration_y,
    vibration_z,
    temperature_c,
    tool_health,
    cortisol,
    dopamine,
    serotonin,
    adrenaline,
    signal,
    anomaly_detected,
    active_tool,
    machine_id,
    job_id
) VALUES (
    '2026-01-24T11:26:34.438944',
    190,
    79.8,
    3.0992,
    2.48,
    1.8598,
    65.96,
    0.0,
    100,
    0,
    0,
    100,
    'ALERT',
    1,
    'T01',
    1,
    'JOB-000001'
);

INSERT INTO erp_telemetry (
    timestamp,
    rpm,
    load,
    vibration_x,
    vibration_y,
    vibration_z,
    temperature_c,
    tool_health,
    cortisol,
    dopamine,
    serotonin,
    adrenaline,
    signal,
    anomaly_detected,
    active_tool,
    machine_id,
    job_id
) VALUES (
    '2026-01-24T11:29:10.438944',
    190,
    79.9,
    3.0983,
    2.4792,
    1.8606,
    67.91,
    0.0,
    100,
    0,
    0,
    100,
    'ALERT',
    1,
    'T01',
    1,
    'JOB-000001'
);

INSERT INTO erp_telemetry (
    timestamp,
    rpm,
    load,
    vibration_x,
    vibration_y,
    vibration_z,
    temperature_c,
    tool_health,
    cortisol,
    dopamine,
    serotonin,
    adrenaline,
    signal,
    anomaly_detected,
    active_tool,
    machine_id,
    job_id
) VALUES (
    '2026-01-24T11:31:46.438944',
    190,
    79.11,
    3.1015,
    2.4791,
    1.8591,
    69.86,
    0.0,
    100,
    0,
    0,
    100,
    'ALERT',
    1,
    'T01',
    1,
    'JOB-000001'
);

INSERT INTO erp_telemetry (
    timestamp,
    rpm,
    load,
    vibration_x,
    vibration_y,
    vibration_z,
    temperature_c,
    tool_health,
    cortisol,
    dopamine,
    serotonin,
    adrenaline,
    signal,
    anomaly_detected,
    active_tool,
    machine_id,
    job_id
) VALUES (
    '2026-01-24T11:34:22.438944',
    190,
    80.22,
    3.1004,
    2.4845,
    1.8604,
    71.81,
    0.0,
    100,
    0,
    0,
    100,
    'ALERT',
    1,
    'T01',
    1,
    'JOB-000001'
);

INSERT INTO erp_telemetry (
    timestamp,
    rpm,
    load,
    vibration_x,
    vibration_y,
    vibration_z,
    temperature_c,
    tool_health,
    cortisol,
    dopamine,
    serotonin,
    adrenaline,
    signal,
    anomaly_detected,
    active_tool,
    machine_id,
    job_id
) VALUES (
    '2026-01-24T11:36:58.438944',
    190,
    80.05,
    3.1001,
    2.4792,
    1.8596,
    73.76,
    0.0,
    100,
    0,
    0,
    100,
    'ALERT',
    1,
    'T01',
    1,
    'JOB-000001'
);

INSERT INTO erp_telemetry (
    timestamp,
    rpm,
    load,
    vibration_x,
    vibration_y,
    vibration_z,
    temperature_c,
    tool_health,
    cortisol,
    dopamine,
    serotonin,
    adrenaline,
    signal,
    anomaly_detected,
    active_tool,
    machine_id,
    job_id
) VALUES (
    '2026-01-24T11:39:34.438944',
    190,
    79.81,
    3.1029,
    2.4806,
    1.8598,
    75.71,
    0.0,
    100,
    0,
    0,
    100,
    'ALERT',
    1,
    'T01',
    1,
    'JOB-000001'
);

INSERT INTO erp_telemetry (
    timestamp,
    rpm,
    load,
    vibration_x,
    vibration_y,
    vibration_z,
    temperature_c,
    tool_health,
    cortisol,
    dopamine,
    serotonin,
    adrenaline,
    signal,
    anomaly_detected,
    active_tool,
    machine_id,
    job_id
) VALUES (
    '2026-01-24T11:42:10.438944',
    190,
    80.08,
    3.1014,
    2.483,
    1.8586,
    77.66,
    0.0,
    100,
    0,
    0,
    100,
    'ALERT',
    1,
    'T01',
    1,
    'JOB-000001'
);

INSERT INTO erp_telemetry (
    timestamp,
    rpm,
    load,
    vibration_x,
    vibration_y,
    vibration_z,
    temperature_c,
    tool_health,
    cortisol,
    dopamine,
    serotonin,
    adrenaline,
    signal,
    anomaly_detected,
    active_tool,
    machine_id,
    job_id
) VALUES (
    '2026-01-24T11:44:46.438944',
    190,
    79.88,
    3.1008,
    2.4801,
    1.8593,
    79.61,
    0.0,
    100,
    0,
    0,
    100,
    'ALERT',
    1,
    'T01',
    1,
    'JOB-000001'
);

INSERT INTO erp_telemetry (
    timestamp,
    rpm,
    load,
    vibration_x,
    vibration_y,
    vibration_z,
    temperature_c,
    tool_health,
    cortisol,
    dopamine,
    serotonin,
    adrenaline,
    signal,
    anomaly_detected,
    active_tool,
    machine_id,
    job_id
) VALUES (
    '2026-01-24T11:47:22.438944',
    190,
    79.61,
    3.0972,
    2.4813,
    1.8597,
    81.56,
    0.0,
    100,
    0,
    0,
    100,
    'ALERT',
    1,
    'T01',
    1,
    'JOB-000001'
);

INSERT INTO erp_telemetry (
    timestamp,
    rpm,
    load,
    vibration_x,
    vibration_y,
    vibration_z,
    temperature_c,
    tool_health,
    cortisol,
    dopamine,
    serotonin,
    adrenaline,
    signal,
    anomaly_detected,
    active_tool,
    machine_id,
    job_id
) VALUES (
    '2026-01-24T11:49:58.438944',
    190,
    79.56,
    3.0992,
    2.4809,
    1.859,
    83.51,
    0.0,
    100,
    0,
    0,
    100,
    'ALERT',
    1,
    'T01',
    1,
    'JOB-000001'
);

INSERT INTO erp_telemetry (
    timestamp,
    rpm,
    load,
    vibration_x,
    vibration_y,
    vibration_z,
    temperature_c,
    tool_health,
    cortisol,
    dopamine,
    serotonin,
    adrenaline,
    signal,
    anomaly_detected,
    active_tool,
    machine_id,
    job_id
) VALUES (
    '2026-01-24T11:52:34.438944',
    190,
    80.35,
    3.1008,
    2.4788,
    1.8616,
    85.46,
    0.0,
    100,
    0,
    0,
    100,
    'ALERT',
    1,
    'T01',
    1,
    'JOB-000001'
);

INSERT INTO erp_telemetry (
    timestamp,
    rpm,
    load,
    vibration_x,
    vibration_y,
    vibration_z,
    temperature_c,
    tool_health,
    cortisol,
    dopamine,
    serotonin,
    adrenaline,
    signal,
    anomaly_detected,
    active_tool,
    machine_id,
    job_id
) VALUES (
    '2026-01-24T11:55:10.438944',
    190,
    79.96,
    3.098,
    2.4795,
    1.8587,
    87.41,
    0.0,
    100,
    0,
    0,
    100,
    'ALERT',
    1,
    'T01',
    1,
    'JOB-000001'
);

INSERT INTO erp_telemetry (
    timestamp,
    rpm,
    load,
    vibration_x,
    vibration_y,
    vibration_z,
    temperature_c,
    tool_health,
    cortisol,
    dopamine,
    serotonin,
    adrenaline,
    signal,
    anomaly_detected,
    active_tool,
    machine_id,
    job_id
) VALUES (
    '2026-01-24T11:57:46.438944',
    190,
    79.89,
    3.1003,
    2.4821,
    1.8606,
    89.36,
    0.0,
    100,
    0,
    0,
    100,
    'ALERT',
    1,
    'T01',
    1,
    'JOB-000001'
);

INSERT INTO erp_telemetry (
    timestamp,
    rpm,
    load,
    vibration_x,
    vibration_y,
    vibration_z,
    temperature_c,
    tool_health,
    cortisol,
    dopamine,
    serotonin,
    adrenaline,
    signal,
    anomaly_detected,
    active_tool,
    machine_id,
    job_id
) VALUES (
    '2026-01-24T12:00:22.438944',
    190,
    80.45,
    3.1024,
    2.4806,
    1.8597,
    91.31,
    0.0,
    100,
    0,
    0,
    100,
    'ALERT',
    1,
    'T01',
    1,
    'JOB-000001'
);

INSERT INTO erp_telemetry (
    timestamp,
    rpm,
    load,
    vibration_x,
    vibration_y,
    vibration_z,
    temperature_c,
    tool_health,
    cortisol,
    dopamine,
    serotonin,
    adrenaline,
    signal,
    anomaly_detected,
    active_tool,
    machine_id,
    job_id
) VALUES (
    '2026-01-24T12:02:58.438944',
    190,
    79.2,
    3.1018,
    2.4807,
    1.8605,
    93.26,
    0.0,
    100,
    0,
    0,
    100,
    'ALERT',
    1,
    'T01',
    1,
    'JOB-000001'
);

INSERT INTO erp_telemetry (
    timestamp,
    rpm,
    load,
    vibration_x,
    vibration_y,
    vibration_z,
    temperature_c,
    tool_health,
    cortisol,
    dopamine,
    serotonin,
    adrenaline,
    signal,
    anomaly_detected,
    active_tool,
    machine_id,
    job_id
) VALUES (
    '2026-01-24T12:05:34.438944',
    190,
    80.01,
    3.1034,
    2.4758,
    1.8591,
    95.21,
    0.0,
    100,
    0,
    0,
    100,
    'ALERT',
    1,
    'T01',
    1,
    'JOB-000001'
);

INSERT INTO erp_telemetry (
    timestamp,
    rpm,
    load,
    vibration_x,
    vibration_y,
    vibration_z,
    temperature_c,
    tool_health,
    cortisol,
    dopamine,
    serotonin,
    adrenaline,
    signal,
    anomaly_detected,
    active_tool,
    machine_id,
    job_id
) VALUES (
    '2026-01-24T12:08:10.438944',
    190,
    80.08,
    3.0977,
    2.4803,
    1.8603,
    97.16,
    0.0,
    100,
    0,
    0,
    100,
    'ALERT',
    1,
    'T01',
    1,
    'JOB-000001'
);

INSERT INTO erp_telemetry (
    timestamp,
    rpm,
    load,
    vibration_x,
    vibration_y,
    vibration_z,
    temperature_c,
    tool_health,
    cortisol,
    dopamine,
    serotonin,
    adrenaline,
    signal,
    anomaly_detected,
    active_tool,
    machine_id,
    job_id
) VALUES (
    '2026-01-24T12:10:46.438944',
    190,
    79.74,
    3.1008,
    2.4787,
    1.8584,
    99.11,
    0.0,
    100,
    0,
    0,
    100,
    'ALERT',
    1,
    'T01',
    1,
    'JOB-000001'
);

INSERT INTO erp_telemetry (
    timestamp,
    rpm,
    load,
    vibration_x,
    vibration_y,
    vibration_z,
    temperature_c,
    tool_health,
    cortisol,
    dopamine,
    serotonin,
    adrenaline,
    signal,
    anomaly_detected,
    active_tool,
    machine_id,
    job_id
) VALUES (
    '2026-01-24T12:13:22.438944',
    190,
    79.92,
    3.1009,
    2.481,
    1.8593,
    101.06,
    0.0,
    100,
    0,
    0,
    100,
    'ALERT',
    1,
    'T01',
    1,
    'JOB-000001'
);

INSERT INTO erp_telemetry (
    timestamp,
    rpm,
    load,
    vibration_x,
    vibration_y,
    vibration_z,
    temperature_c,
    tool_health,
    cortisol,
    dopamine,
    serotonin,
    adrenaline,
    signal,
    anomaly_detected,
    active_tool,
    machine_id,
    job_id
) VALUES (
    '2026-01-24T12:15:58.438944',
    190,
    80.29,
    3.0976,
    2.4812,
    1.857,
    103.01,
    0.0,
    100,
    0,
    0,
    100,
    'ALERT',
    1,
    'T01',
    1,
    'JOB-000001'
);

INSERT INTO erp_telemetry (
    timestamp,
    rpm,
    load,
    vibration_x,
    vibration_y,
    vibration_z,
    temperature_c,
    tool_health,
    cortisol,
    dopamine,
    serotonin,
    adrenaline,
    signal,
    anomaly_detected,
    active_tool,
    machine_id,
    job_id
) VALUES (
    '2026-01-24T12:18:34.438944',
    190,
    81.01,
    3.0976,
    2.4797,
    1.8607,
    104.96,
    0.0,
    100,
    0,
    0,
    100,
    'ALERT',
    1,
    'T01',
    1,
    'JOB-000001'
);

INSERT INTO erp_telemetry (
    timestamp,
    rpm,
    load,
    vibration_x,
    vibration_y,
    vibration_z,
    temperature_c,
    tool_health,
    cortisol,
    dopamine,
    serotonin,
    adrenaline,
    signal,
    anomaly_detected,
    active_tool,
    machine_id,
    job_id
) VALUES (
    '2026-01-24T12:21:10.438944',
    190,
    80.52,
    3.1023,
    2.4803,
    1.8586,
    106.91,
    0.0,
    100,
    0,
    0,
    100,
    'ALERT',
    1,
    'T01',
    1,
    'JOB-000001'
);

INSERT INTO erp_telemetry (
    timestamp,
    rpm,
    load,
    vibration_x,
    vibration_y,
    vibration_z,
    temperature_c,
    tool_health,
    cortisol,
    dopamine,
    serotonin,
    adrenaline,
    signal,
    anomaly_detected,
    active_tool,
    machine_id,
    job_id
) VALUES (
    '2026-01-24T12:23:46.438944',
    190,
    79.33,
    3.1005,
    2.4833,
    1.8607,
    108.86,
    0.0,
    100,
    0,
    0,
    100,
    'ALERT',
    1,
    'T01',
    1,
    'JOB-000001'
);

INSERT INTO erp_telemetry (
    timestamp,
    rpm,
    load,
    vibration_x,
    vibration_y,
    vibration_z,
    temperature_c,
    tool_health,
    cortisol,
    dopamine,
    serotonin,
    adrenaline,
    signal,
    anomaly_detected,
    active_tool,
    machine_id,
    job_id
) VALUES (
    '2026-01-24T12:26:22.438944',
    190,
    79.92,
    3.098,
    2.4802,
    1.8589,
    110.81,
    0.0,
    100,
    0,
    0,
    100,
    'ALERT',
    1,
    'T01',
    1,
    'JOB-000001'
);

INSERT INTO erp_telemetry (
    timestamp,
    rpm,
    load,
    vibration_x,
    vibration_y,
    vibration_z,
    temperature_c,
    tool_health,
    cortisol,
    dopamine,
    serotonin,
    adrenaline,
    signal,
    anomaly_detected,
    active_tool,
    machine_id,
    job_id
) VALUES (
    '2026-01-24T12:28:58.438944',
    190,
    79.52,
    3.1012,
    2.4823,
    1.8608,
    112.76,
    0.0,
    100,
    0,
    0,
    100,
    'ALERT',
    1,
    'T01',
    1,
    'JOB-000001'
);

INSERT INTO erp_telemetry (
    timestamp,
    rpm,
    load,
    vibration_x,
    vibration_y,
    vibration_z,
    temperature_c,
    tool_health,
    cortisol,
    dopamine,
    serotonin,
    adrenaline,
    signal,
    anomaly_detected,
    active_tool,
    machine_id,
    job_id
) VALUES (
    '2026-01-24T12:31:34.438944',
    190,
    80.26,
    3.1022,
    2.4793,
    1.8598,
    114.71,
    0.0,
    100,
    0,
    0,
    100,
    'ALERT',
    1,
    'T01',
    1,
    'JOB-000001'
);

INSERT INTO erp_telemetry (
    timestamp,
    rpm,
    load,
    vibration_x,
    vibration_y,
    vibration_z,
    temperature_c,
    tool_health,
    cortisol,
    dopamine,
    serotonin,
    adrenaline,
    signal,
    anomaly_detected,
    active_tool,
    machine_id,
    job_id
) VALUES (
    '2026-01-24T12:34:10.438944',
    190,
    79.71,
    3.1008,
    2.4795,
    1.8601,
    116.66,
    0.0,
    100,
    0,
    0,
    100,
    'ALERT',
    1,
    'T01',
    1,
    'JOB-000001'
);

INSERT INTO erp_telemetry (
    timestamp,
    rpm,
    load,
    vibration_x,
    vibration_y,
    vibration_z,
    temperature_c,
    tool_health,
    cortisol,
    dopamine,
    serotonin,
    adrenaline,
    signal,
    anomaly_detected,
    active_tool,
    machine_id,
    job_id
) VALUES (
    '2026-01-24T12:36:46.438944',
    190,
    79.65,
    3.1013,
    2.4797,
    1.8615,
    118.61,
    0.0,
    100,
    0,
    0,
    100,
    'ALERT',
    1,
    'T01',
    1,
    'JOB-000001'
);

INSERT INTO erp_telemetry (
    timestamp,
    rpm,
    load,
    vibration_x,
    vibration_y,
    vibration_z,
    temperature_c,
    tool_health,
    cortisol,
    dopamine,
    serotonin,
    adrenaline,
    signal,
    anomaly_detected,
    active_tool,
    machine_id,
    job_id
) VALUES (
    '2026-01-24T12:39:22.438944',
    190,
    80.28,
    3.1009,
    2.477,
    1.8614,
    120.56,
    0.0,
    100,
    0,
    0,
    100,
    'ALERT',
    1,
    'T01',
    1,
    'JOB-000001'
);


-- Reverse Engineering Project: MarineFix_Ltd_Bearing_Race_REPL_413
-- Generated: 2026-01-24T10:31:58.438944
-- Scenario: Rush order - original supplier discontinued production


-- Project: MarineFix_Ltd_Bearing_Race_REPL_413
INSERT INTO erp_project (
    name,
    part_number,
    gcode,
    created_at,
    material,
    complexity_score,
    estimated_cycle_time,
    dimensions,
    llm_suggestions,
    success,
    vendor_name,
    part_type,
    failure_scenario
) VALUES (
    'MarineFix_Ltd_Bearing_Race_REPL_413',
    'PN-3092A7AF',
    '(G-Code generated from reverse-engineered CAD model)',
    '2026-01-24T10:31:58.438944',
    'BrassC360',
    0.87,
    26.98,
    '{"ideal": {"outer_diameter": 288.508, "inner_diameter": 173.105, "height": 115.403}, "scanned": {"outer_diameter": 285.4215, "inner_diameter": 172.9178, "height": 109.8134}, "deviation": {"outer_diameter": 3.0865, "inner_diameter": 0.1872, "height": 5.5896}, "max_deviation": 5.5896}',
    '{"material_recommendation": "BrassC360", "complexity_analysis": "Complexity score 0.87 - High", "tooling_suggestions": ["Carbide end mill for roughing", "Coated carbide for finishing"], "risk_factors": ["Material hardness requires careful tool selection", "Wear deviation of 5.590mm indicates significant usage"]}',
    1,
    'MarineFix_Ltd',
    'Bearing_Race',
    'Rush order - original supplier discontinued production'
);


-- Job for project 2
INSERT INTO erp_job (
    job_id,
    quantity,
    completed_quantity,
    priority,
    status,
    project_id,
    machine_id,
    started_at
) VALUES (
    'JOB-000002',
    1,
    1,
    1,
    'COMPLETED',
    2,
    1,
    datetime('now')
);


-- Telemetry Data (Biochemical + Physical)

INSERT INTO erp_telemetry (
    timestamp,
    rpm,
    load,
    vibration_x,
    vibration_y,
    vibration_z,
    temperature_c,
    tool_health,
    cortisol,
    dopamine,
    serotonin,
    adrenaline,
    signal,
    anomaly_detected,
    active_tool,
    machine_id,
    job_id
) VALUES (
    '2026-01-24T10:31:58.438944',
    1273,
    40.38,
    0.4852,
    0.4291,
    0.3315,
    25.0,
    0.9995,
    9.0,
    52.0,
    75.5,
    0,
    'OK',
    0,
    'T01',
    1,
    'JOB-000002'
);

INSERT INTO erp_telemetry (
    timestamp,
    rpm,
    load,
    vibration_x,
    vibration_y,
    vibration_z,
    temperature_c,
    tool_health,
    cortisol,
    dopamine,
    serotonin,
    adrenaline,
    signal,
    anomaly_detected,
    active_tool,
    machine_id,
    job_id
) VALUES (
    '2026-01-24T10:32:30.438944',
    1273,
    40.84,
    0.549,
    0.4801,
    0.3684,
    25.12,
    0.9835,
    0,
    100,
    91.5,
    0,
    'OK',
    0,
    'T01',
    1,
    'JOB-000002'
);

INSERT INTO erp_telemetry (
    timestamp,
    rpm,
    load,
    vibration_x,
    vibration_y,
    vibration_z,
    temperature_c,
    tool_health,
    cortisol,
    dopamine,
    serotonin,
    adrenaline,
    signal,
    anomaly_detected,
    active_tool,
    machine_id,
    job_id
) VALUES (
    '2026-01-24T10:33:02.438944',
    1273,
    41.66,
    0.6107,
    0.526,
    0.4031,
    25.23,
    0.9675,
    0,
    100,
    100,
    0,
    'OK',
    0,
    'T01',
    1,
    'JOB-000002'
);

INSERT INTO erp_telemetry (
    timestamp,
    rpm,
    load,
    vibration_x,
    vibration_y,
    vibration_z,
    temperature_c,
    tool_health,
    cortisol,
    dopamine,
    serotonin,
    adrenaline,
    signal,
    anomaly_detected,
    active_tool,
    machine_id,
    job_id
) VALUES (
    '2026-01-24T10:33:34.438944',
    1273,
    41.39,
    0.6676,
    0.5763,
    0.4455,
    25.34,
    0.9515,
    0,
    100,
    100,
    0,
    'OK',
    0,
    'T01',
    1,
    'JOB-000002'
);

INSERT INTO erp_telemetry (
    timestamp,
    rpm,
    load,
    vibration_x,
    vibration_y,
    vibration_z,
    temperature_c,
    tool_health,
    cortisol,
    dopamine,
    serotonin,
    adrenaline,
    signal,
    anomaly_detected,
    active_tool,
    machine_id,
    job_id
) VALUES (
    '2026-01-24T10:34:06.438944',
    1273,
    42.96,
    0.7289,
    0.6246,
    0.4817,
    25.45,
    0.9355,
    0,
    100,
    100,
    0,
    'OK',
    0,
    'T01',
    1,
    'JOB-000002'
);

INSERT INTO erp_telemetry (
    timestamp,
    rpm,
    load,
    vibration_x,
    vibration_y,
    vibration_z,
    temperature_c,
    tool_health,
    cortisol,
    dopamine,
    serotonin,
    adrenaline,
    signal,
    anomaly_detected,
    active_tool,
    machine_id,
    job_id
) VALUES (
    '2026-01-24T10:34:38.438944',
    1273,
    43.47,
    0.7899,
    0.6758,
    0.5159,
    25.56,
    0.9195,
    0,
    100,
    100,
    0,
    'OK',
    0,
    'T01',
    1,
    'JOB-000002'
);

INSERT INTO erp_telemetry (
    timestamp,
    rpm,
    load,
    vibration_x,
    vibration_y,
    vibration_z,
    temperature_c,
    tool_health,
    cortisol,
    dopamine,
    serotonin,
    adrenaline,
    signal,
    anomaly_detected,
    active_tool,
    machine_id,
    job_id
) VALUES (
    '2026-01-24T10:35:10.438944',
    1273,
    43.37,
    0.8494,
    0.7233,
    0.5547,
    25.68,
    0.9035,
    0,
    100,
    100,
    0,
    'OK',
    0,
    'T01',
    1,
    'JOB-000002'
);

INSERT INTO erp_telemetry (
    timestamp,
    rpm,
    load,
    vibration_x,
    vibration_y,
    vibration_z,
    temperature_c,
    tool_health,
    cortisol,
    dopamine,
    serotonin,
    adrenaline,
    signal,
    anomaly_detected,
    active_tool,
    machine_id,
    job_id
) VALUES (
    '2026-01-24T10:35:42.438944',
    1273,
    44.96,
    0.91,
    0.7772,
    0.5912,
    25.79,
    0.8875,
    0,
    100,
    100,
    0,
    'OK',
    0,
    'T01',
    1,
    'JOB-000002'
);

INSERT INTO erp_telemetry (
    timestamp,
    rpm,
    load,
    vibration_x,
    vibration_y,
    vibration_z,
    temperature_c,
    tool_health,
    cortisol,
    dopamine,
    serotonin,
    adrenaline,
    signal,
    anomaly_detected,
    active_tool,
    machine_id,
    job_id
) VALUES (
    '2026-01-24T10:36:14.438944',
    1273,
    44.87,
    0.9696,
    0.8217,
    0.6289,
    25.9,
    0.8715,
    0,
    100,
    100,
    0,
    'OK',
    0,
    'T01',
    1,
    'JOB-000002'
);

INSERT INTO erp_telemetry (
    timestamp,
    rpm,
    load,
    vibration_x,
    vibration_y,
    vibration_z,
    temperature_c,
    tool_health,
    cortisol,
    dopamine,
    serotonin,
    adrenaline,
    signal,
    anomaly_detected,
    active_tool,
    machine_id,
    job_id
) VALUES (
    '2026-01-24T10:36:46.438944',
    1273,
    45.22,
    1.0276,
    0.8749,
    0.667,
    26.01,
    0.8555,
    0,
    87.0,
    100,
    0,
    'OK',
    0,
    'T01',
    1,
    'JOB-000002'
);

INSERT INTO erp_telemetry (
    timestamp,
    rpm,
    load,
    vibration_x,
    vibration_y,
    vibration_z,
    temperature_c,
    tool_health,
    cortisol,
    dopamine,
    serotonin,
    adrenaline,
    signal,
    anomaly_detected,
    active_tool,
    machine_id,
    job_id
) VALUES (
    '2026-01-24T10:37:18.438944',
    1273,
    46.2,
    1.0919,
    0.9211,
    0.7063,
    26.12,
    0.8395,
    0,
    55.0,
    100,
    0,
    'OK',
    0,
    'T01',
    1,
    'JOB-000002'
);

INSERT INTO erp_telemetry (
    timestamp,
    rpm,
    load,
    vibration_x,
    vibration_y,
    vibration_z,
    temperature_c,
    tool_health,
    cortisol,
    dopamine,
    serotonin,
    adrenaline,
    signal,
    anomaly_detected,
    active_tool,
    machine_id,
    job_id
) VALUES (
    '2026-01-24T10:37:50.438944',
    1273,
    47.74,
    1.1493,
    0.9751,
    0.7427,
    26.24,
    0.8235,
    0,
    23.0,
    100,
    0,
    'OK',
    0,
    'T01',
    1,
    'JOB-000002'
);

INSERT INTO erp_telemetry (
    timestamp,
    rpm,
    load,
    vibration_x,
    vibration_y,
    vibration_z,
    temperature_c,
    tool_health,
    cortisol,
    dopamine,
    serotonin,
    adrenaline,
    signal,
    anomaly_detected,
    active_tool,
    machine_id,
    job_id
) VALUES (
    '2026-01-24T10:38:22.438944',
    1273,
    46.9,
    1.2117,
    1.0206,
    0.7778,
    26.35,
    0.8075,
    0,
    0,
    100,
    0,
    'OK',
    0,
    'T01',
    1,
    'JOB-000002'
);

INSERT INTO erp_telemetry (
    timestamp,
    rpm,
    load,
    vibration_x,
    vibration_y,
    vibration_z,
    temperature_c,
    tool_health,
    cortisol,
    dopamine,
    serotonin,
    adrenaline,
    signal,
    anomaly_detected,
    active_tool,
    machine_id,
    job_id
) VALUES (
    '2026-01-24T10:38:54.438944',
    1273,
    47.02,
    1.2694,
    1.0724,
    0.8159,
    26.46,
    0.7915,
    0,
    0,
    100,
    0,
    'OK',
    0,
    'T01',
    1,
    'JOB-000002'
);

INSERT INTO erp_telemetry (
    timestamp,
    rpm,
    load,
    vibration_x,
    vibration_y,
    vibration_z,
    temperature_c,
    tool_health,
    cortisol,
    dopamine,
    serotonin,
    adrenaline,
    signal,
    anomaly_detected,
    active_tool,
    machine_id,
    job_id
) VALUES (
    '2026-01-24T10:39:26.438944',
    1273,
    48.83,
    1.3309,
    1.1239,
    0.8555,
    26.57,
    0.7755,
    0,
    0,
    100,
    0,
    'OK',
    0,
    'T01',
    1,
    'JOB-000002'
);

INSERT INTO erp_telemetry (
    timestamp,
    rpm,
    load,
    vibration_x,
    vibration_y,
    vibration_z,
    temperature_c,
    tool_health,
    cortisol,
    dopamine,
    serotonin,
    adrenaline,
    signal,
    anomaly_detected,
    active_tool,
    machine_id,
    job_id
) VALUES (
    '2026-01-24T10:39:58.438944',
    1273,
    49.55,
    1.3915,
    1.17,
    0.8921,
    26.68,
    0.7595,
    0,
    0,
    100,
    0,
    'OK',
    0,
    'T01',
    1,
    'JOB-000002'
);

INSERT INTO erp_telemetry (
    timestamp,
    rpm,
    load,
    vibration_x,
    vibration_y,
    vibration_z,
    temperature_c,
    tool_health,
    cortisol,
    dopamine,
    serotonin,
    adrenaline,
    signal,
    anomaly_detected,
    active_tool,
    machine_id,
    job_id
) VALUES (
    '2026-01-24T10:40:30.438944',
    1273,
    49.1,
    1.4518,
    1.2212,
    0.9301,
    26.8,
    0.7435,
    0,
    0,
    100,
    0,
    'OK',
    0,
    'T01',
    1,
    'JOB-000002'
);

INSERT INTO erp_telemetry (
    timestamp,
    rpm,
    load,
    vibration_x,
    vibration_y,
    vibration_z,
    temperature_c,
    tool_health,
    cortisol,
    dopamine,
    serotonin,
    adrenaline,
    signal,
    anomaly_detected,
    active_tool,
    machine_id,
    job_id
) VALUES (
    '2026-01-24T10:41:02.438944',
    1273,
    50.74,
    1.5117,
    1.2718,
    0.9668,
    26.91,
    0.7275,
    0,
    0,
    100,
    0,
    'OK',
    0,
    'T01',
    1,
    'JOB-000002'
);

INSERT INTO erp_telemetry (
    timestamp,
    rpm,
    load,
    vibration_x,
    vibration_y,
    vibration_z,
    temperature_c,
    tool_health,
    cortisol,
    dopamine,
    serotonin,
    adrenaline,
    signal,
    anomaly_detected,
    active_tool,
    machine_id,
    job_id
) VALUES (
    '2026-01-24T10:41:34.438944',
    1273,
    51.6,
    1.5755,
    1.3204,
    1.0052,
    27.02,
    0.7115,
    0,
    0,
    100,
    0,
    'OK',
    0,
    'T01',
    1,
    'JOB-000002'
);

INSERT INTO erp_telemetry (
    timestamp,
    rpm,
    load,
    vibration_x,
    vibration_y,
    vibration_z,
    temperature_c,
    tool_health,
    cortisol,
    dopamine,
    serotonin,
    adrenaline,
    signal,
    anomaly_detected,
    active_tool,
    machine_id,
    job_id
) VALUES (
    '2026-01-24T10:42:06.438944',
    1273,
    52.03,
    1.6322,
    1.3681,
    1.0421,
    27.13,
    0.6955,
    0,
    0,
    100,
    0,
    'OK',
    0,
    'T01',
    1,
    'JOB-000002'
);

INSERT INTO erp_telemetry (
    timestamp,
    rpm,
    load,
    vibration_x,
    vibration_y,
    vibration_z,
    temperature_c,
    tool_health,
    cortisol,
    dopamine,
    serotonin,
    adrenaline,
    signal,
    anomaly_detected,
    active_tool,
    machine_id,
    job_id
) VALUES (
    '2026-01-24T10:42:38.438944',
    1273,
    52.55,
    1.6929,
    1.4183,
    1.0801,
    27.24,
    0.6794,
    0,
    0,
    100,
    0,
    'OK',
    0,
    'T01',
    1,
    'JOB-000002'
);

INSERT INTO erp_telemetry (
    timestamp,
    rpm,
    load,
    vibration_x,
    vibration_y,
    vibration_z,
    temperature_c,
    tool_health,
    cortisol,
    dopamine,
    serotonin,
    adrenaline,
    signal,
    anomaly_detected,
    active_tool,
    machine_id,
    job_id
) VALUES (
    '2026-01-24T10:43:10.438944',
    1273,
    52.5,
    1.754,
    1.4685,
    1.1182,
    27.36,
    0.6634,
    0,
    0,
    100,
    0,
    'OK',
    0,
    'T01',
    1,
    'JOB-000002'
);

INSERT INTO erp_telemetry (
    timestamp,
    rpm,
    load,
    vibration_x,
    vibration_y,
    vibration_z,
    temperature_c,
    tool_health,
    cortisol,
    dopamine,
    serotonin,
    adrenaline,
    signal,
    anomaly_detected,
    active_tool,
    machine_id,
    job_id
) VALUES (
    '2026-01-24T10:43:42.438944',
    1273,
    53.74,
    1.815,
    1.519,
    1.1552,
    27.47,
    0.6474,
    0,
    0,
    100,
    0,
    'OK',
    0,
    'T01',
    1,
    'JOB-000002'
);

INSERT INTO erp_telemetry (
    timestamp,
    rpm,
    load,
    vibration_x,
    vibration_y,
    vibration_z,
    temperature_c,
    tool_health,
    cortisol,
    dopamine,
    serotonin,
    adrenaline,
    signal,
    anomaly_detected,
    active_tool,
    machine_id,
    job_id
) VALUES (
    '2026-01-24T10:44:14.438944',
    1273,
    54.92,
    1.8723,
    1.5684,
    1.1901,
    27.58,
    0.6314,
    0,
    0,
    100,
    0,
    'OK',
    0,
    'T01',
    1,
    'JOB-000002'
);

INSERT INTO erp_telemetry (
    timestamp,
    rpm,
    load,
    vibration_x,
    vibration_y,
    vibration_z,
    temperature_c,
    tool_health,
    cortisol,
    dopamine,
    serotonin,
    adrenaline,
    signal,
    anomaly_detected,
    active_tool,
    machine_id,
    job_id
) VALUES (
    '2026-01-24T10:44:46.438944',
    1273,
    54.52,
    1.932,
    1.6175,
    1.229,
    27.69,
    0.6154,
    0,
    0,
    100,
    0,
    'OK',
    0,
    'T01',
    1,
    'JOB-000002'
);

INSERT INTO erp_telemetry (
    timestamp,
    rpm,
    load,
    vibration_x,
    vibration_y,
    vibration_z,
    temperature_c,
    tool_health,
    cortisol,
    dopamine,
    serotonin,
    adrenaline,
    signal,
    anomaly_detected,
    active_tool,
    machine_id,
    job_id
) VALUES (
    '2026-01-24T10:45:18.438944',
    1273,
    56.71,
    1.9945,
    1.6665,
    1.2664,
    27.8,
    0.5994,
    0,
    0,
    100,
    0,
    'OK',
    0,
    'T01',
    1,
    'JOB-000002'
);

INSERT INTO erp_telemetry (
    timestamp,
    rpm,
    load,
    vibration_x,
    vibration_y,
    vibration_z,
    temperature_c,
    tool_health,
    cortisol,
    dopamine,
    serotonin,
    adrenaline,
    signal,
    anomaly_detected,
    active_tool,
    machine_id,
    job_id
) VALUES (
    '2026-01-24T10:45:50.438944',
    1273,
    56.82,
    2.0572,
    1.7162,
    1.3021,
    27.92,
    0.5834,
    100,
    0,
    100,
    0,
    'WARNING',
    0,
    'T01',
    1,
    'JOB-000002'
);

INSERT INTO erp_telemetry (
    timestamp,
    rpm,
    load,
    vibration_x,
    vibration_y,
    vibration_z,
    temperature_c,
    tool_health,
    cortisol,
    dopamine,
    serotonin,
    adrenaline,
    signal,
    anomaly_detected,
    active_tool,
    machine_id,
    job_id
) VALUES (
    '2026-01-24T10:46:22.438944',
    1273,
    56.19,
    2.1175,
    1.7631,
    1.3411,
    28.03,
    0.5674,
    100,
    0,
    100,
    0,
    'WARNING',
    0,
    'T01',
    1,
    'JOB-000002'
);

INSERT INTO erp_telemetry (
    timestamp,
    rpm,
    load,
    vibration_x,
    vibration_y,
    vibration_z,
    temperature_c,
    tool_health,
    cortisol,
    dopamine,
    serotonin,
    adrenaline,
    signal,
    anomaly_detected,
    active_tool,
    machine_id,
    job_id
) VALUES (
    '2026-01-24T10:46:54.438944',
    1273,
    57.12,
    2.1775,
    1.8164,
    1.3782,
    28.14,
    0.5514,
    100,
    0,
    100,
    0,
    'WARNING',
    0,
    'T01',
    1,
    'JOB-000002'
);

INSERT INTO erp_telemetry (
    timestamp,
    rpm,
    load,
    vibration_x,
    vibration_y,
    vibration_z,
    temperature_c,
    tool_health,
    cortisol,
    dopamine,
    serotonin,
    adrenaline,
    signal,
    anomaly_detected,
    active_tool,
    machine_id,
    job_id
) VALUES (
    '2026-01-24T10:47:26.438944',
    1273,
    57.65,
    2.2351,
    1.865,
    1.4159,
    28.25,
    0.5353,
    100,
    0,
    100,
    0,
    'WARNING',
    0,
    'T01',
    1,
    'JOB-000002'
);

INSERT INTO erp_telemetry (
    timestamp,
    rpm,
    load,
    vibration_x,
    vibration_y,
    vibration_z,
    temperature_c,
    tool_health,
    cortisol,
    dopamine,
    serotonin,
    adrenaline,
    signal,
    anomaly_detected,
    active_tool,
    machine_id,
    job_id
) VALUES (
    '2026-01-24T10:47:58.438944',
    1273,
    58.88,
    2.2943,
    1.9113,
    1.452,
    28.36,
    0.5193,
    100,
    0,
    100,
    0,
    'WARNING',
    0,
    'T01',
    1,
    'JOB-000002'
);

INSERT INTO erp_telemetry (
    timestamp,
    rpm,
    load,
    vibration_x,
    vibration_y,
    vibration_z,
    temperature_c,
    tool_health,
    cortisol,
    dopamine,
    serotonin,
    adrenaline,
    signal,
    anomaly_detected,
    active_tool,
    machine_id,
    job_id
) VALUES (
    '2026-01-24T10:48:30.438944',
    1273,
    59.6,
    2.3589,
    1.9594,
    1.4896,
    28.48,
    0.5033,
    100,
    0,
    100,
    0,
    'WARNING',
    0,
    'T01',
    1,
    'JOB-000002'
);

INSERT INTO erp_telemetry (
    timestamp,
    rpm,
    load,
    vibration_x,
    vibration_y,
    vibration_z,
    temperature_c,
    tool_health,
    cortisol,
    dopamine,
    serotonin,
    adrenaline,
    signal,
    anomaly_detected,
    active_tool,
    machine_id,
    job_id
) VALUES (
    '2026-01-24T10:49:02.438944',
    1273,
    60.67,
    2.418,
    2.012,
    1.5284,
    28.59,
    0.4873,
    100,
    0,
    100,
    0,
    'WARNING',
    0,
    'T01',
    1,
    'JOB-000002'
);

INSERT INTO erp_telemetry (
    timestamp,
    rpm,
    load,
    vibration_x,
    vibration_y,
    vibration_z,
    temperature_c,
    tool_health,
    cortisol,
    dopamine,
    serotonin,
    adrenaline,
    signal,
    anomaly_detected,
    active_tool,
    machine_id,
    job_id
) VALUES (
    '2026-01-24T10:49:34.438944',
    1273,
    61.28,
    2.4789,
    2.0631,
    1.5658,
    28.7,
    0.4713,
    100,
    0,
    100,
    0,
    'WARNING',
    0,
    'T01',
    1,
    'JOB-000002'
);

INSERT INTO erp_telemetry (
    timestamp,
    rpm,
    load,
    vibration_x,
    vibration_y,
    vibration_z,
    temperature_c,
    tool_health,
    cortisol,
    dopamine,
    serotonin,
    adrenaline,
    signal,
    anomaly_detected,
    active_tool,
    machine_id,
    job_id
) VALUES (
    '2026-01-24T10:50:06.438944',
    1273,
    60.58,
    2.5426,
    2.1108,
    1.6036,
    28.81,
    0.4552,
    100,
    0,
    100,
    0,
    'WARNING',
    0,
    'T01',
    1,
    'JOB-000002'
);

INSERT INTO erp_telemetry (
    timestamp,
    rpm,
    load,
    vibration_x,
    vibration_y,
    vibration_z,
    temperature_c,
    tool_health,
    cortisol,
    dopamine,
    serotonin,
    adrenaline,
    signal,
    anomaly_detected,
    active_tool,
    machine_id,
    job_id
) VALUES (
    '2026-01-24T10:50:38.438944',
    1273,
    62.43,
    2.5992,
    2.1605,
    1.6405,
    28.92,
    0.4392,
    100,
    0,
    100,
    0,
    'WARNING',
    0,
    'T01',
    1,
    'JOB-000002'
);

INSERT INTO erp_telemetry (
    timestamp,
    rpm,
    load,
    vibration_x,
    vibration_y,
    vibration_z,
    temperature_c,
    tool_health,
    cortisol,
    dopamine,
    serotonin,
    adrenaline,
    signal,
    anomaly_detected,
    active_tool,
    machine_id,
    job_id
) VALUES (
    '2026-01-24T10:51:10.438944',
    1273,
    63.26,
    2.6581,
    2.2127,
    1.6792,
    29.04,
    0.4232,
    100,
    0,
    100,
    0,
    'WARNING',
    0,
    'T01',
    1,
    'JOB-000002'
);

INSERT INTO erp_telemetry (
    timestamp,
    rpm,
    load,
    vibration_x,
    vibration_y,
    vibration_z,
    temperature_c,
    tool_health,
    cortisol,
    dopamine,
    serotonin,
    adrenaline,
    signal,
    anomaly_detected,
    active_tool,
    machine_id,
    job_id
) VALUES (
    '2026-01-24T10:51:42.438944',
    1273,
    64.1,
    2.7242,
    2.261,
    1.7165,
    29.15,
    0.4072,
    100,
    0,
    100,
    0,
    'WARNING',
    0,
    'T01',
    1,
    'JOB-000002'
);

INSERT INTO erp_telemetry (
    timestamp,
    rpm,
    load,
    vibration_x,
    vibration_y,
    vibration_z,
    temperature_c,
    tool_health,
    cortisol,
    dopamine,
    serotonin,
    adrenaline,
    signal,
    anomaly_detected,
    active_tool,
    machine_id,
    job_id
) VALUES (
    '2026-01-24T10:52:14.438944',
    1273,
    64.82,
    2.7814,
    2.3086,
    1.7541,
    29.26,
    0.3911,
    100,
    0,
    100,
    0,
    'WARNING',
    0,
    'T01',
    1,
    'JOB-000002'
);

INSERT INTO erp_telemetry (
    timestamp,
    rpm,
    load,
    vibration_x,
    vibration_y,
    vibration_z,
    temperature_c,
    tool_health,
    cortisol,
    dopamine,
    serotonin,
    adrenaline,
    signal,
    anomaly_detected,
    active_tool,
    machine_id,
    job_id
) VALUES (
    '2026-01-24T10:52:46.438944',
    1273,
    64.52,
    2.8395,
    2.3608,
    1.7915,
    29.37,
    0.3751,
    100,
    0,
    100,
    0,
    'WARNING',
    0,
    'T01',
    1,
    'JOB-000002'
);

INSERT INTO erp_telemetry (
    timestamp,
    rpm,
    load,
    vibration_x,
    vibration_y,
    vibration_z,
    temperature_c,
    tool_health,
    cortisol,
    dopamine,
    serotonin,
    adrenaline,
    signal,
    anomaly_detected,
    active_tool,
    machine_id,
    job_id
) VALUES (
    '2026-01-24T10:53:18.438944',
    1273,
    64.68,
    2.9032,
    2.4098,
    1.8292,
    29.48,
    0.3591,
    100,
    0,
    100,
    0,
    'WARNING',
    0,
    'T01',
    1,
    'JOB-000002'
);

INSERT INTO erp_telemetry (
    timestamp,
    rpm,
    load,
    vibration_x,
    vibration_y,
    vibration_z,
    temperature_c,
    tool_health,
    cortisol,
    dopamine,
    serotonin,
    adrenaline,
    signal,
    anomaly_detected,
    active_tool,
    machine_id,
    job_id
) VALUES (
    '2026-01-24T10:53:50.438944',
    1273,
    66.36,
    2.9623,
    2.4573,
    1.867,
    29.6,
    0.343,
    100,
    0,
    100,
    0,
    'WARNING',
    0,
    'T01',
    1,
    'JOB-000002'
);

INSERT INTO erp_telemetry (
    timestamp,
    rpm,
    load,
    vibration_x,
    vibration_y,
    vibration_z,
    temperature_c,
    tool_health,
    cortisol,
    dopamine,
    serotonin,
    adrenaline,
    signal,
    anomaly_detected,
    active_tool,
    machine_id,
    job_id
) VALUES (
    '2026-01-24T10:54:22.438944',
    1273,
    67.73,
    3.0223,
    2.5095,
    1.9041,
    29.71,
    0.327,
    100,
    0,
    67.0,
    0,
    'WARNING',
    0,
    'T01',
    1,
    'JOB-000002'
);

INSERT INTO erp_telemetry (
    timestamp,
    rpm,
    load,
    vibration_x,
    vibration_y,
    vibration_z,
    temperature_c,
    tool_health,
    cortisol,
    dopamine,
    serotonin,
    adrenaline,
    signal,
    anomaly_detected,
    active_tool,
    machine_id,
    job_id
) VALUES (
    '2026-01-24T10:54:54.438944',
    1273,
    67.83,
    3.0821,
    2.557,
    1.9426,
    29.82,
    0.311,
    100,
    0,
    0,
    0,
    'WARNING',
    0,
    'T01',
    1,
    'JOB-000002'
);

INSERT INTO erp_telemetry (
    timestamp,
    rpm,
    load,
    vibration_x,
    vibration_y,
    vibration_z,
    temperature_c,
    tool_health,
    cortisol,
    dopamine,
    serotonin,
    adrenaline,
    signal,
    anomaly_detected,
    active_tool,
    machine_id,
    job_id
) VALUES (
    '2026-01-24T10:55:26.438944',
    1273,
    69.16,
    3.1457,
    2.607,
    1.9778,
    29.93,
    0.2949,
    100,
    0,
    0,
    0,
    'WARNING',
    0,
    'T01',
    1,
    'JOB-000002'
);

INSERT INTO erp_telemetry (
    timestamp,
    rpm,
    load,
    vibration_x,
    vibration_y,
    vibration_z,
    temperature_c,
    tool_health,
    cortisol,
    dopamine,
    serotonin,
    adrenaline,
    signal,
    anomaly_detected,
    active_tool,
    machine_id,
    job_id
) VALUES (
    '2026-01-24T10:55:58.438944',
    1273,
    67.97,
    3.2021,
    2.6562,
    2.0167,
    30.04,
    0.2789,
    100,
    0,
    0,
    0,
    'WARNING',
    0,
    'T01',
    1,
    'JOB-000002'
);

INSERT INTO erp_telemetry (
    timestamp,
    rpm,
    load,
    vibration_x,
    vibration_y,
    vibration_z,
    temperature_c,
    tool_health,
    cortisol,
    dopamine,
    serotonin,
    adrenaline,
    signal,
    anomaly_detected,
    active_tool,
    machine_id,
    job_id
) VALUES (
    '2026-01-24T10:56:30.438944',
    1273,
    70.23,
    3.2627,
    2.7063,
    2.0521,
    30.16,
    0.2628,
    100,
    0,
    0,
    0,
    'WARNING',
    0,
    'T01',
    1,
    'JOB-000002'
);

INSERT INTO erp_telemetry (
    timestamp,
    rpm,
    load,
    vibration_x,
    vibration_y,
    vibration_z,
    temperature_c,
    tool_health,
    cortisol,
    dopamine,
    serotonin,
    adrenaline,
    signal,
    anomaly_detected,
    active_tool,
    machine_id,
    job_id
) VALUES (
    '2026-01-24T10:57:02.438944',
    1273,
    70.16,
    3.3253,
    2.7575,
    2.0918,
    30.27,
    0.2468,
    100,
    0,
    0,
    0,
    'WARNING',
    0,
    'T01',
    1,
    'JOB-000002'
);

INSERT INTO erp_telemetry (
    timestamp,
    rpm,
    load,
    vibration_x,
    vibration_y,
    vibration_z,
    temperature_c,
    tool_health,
    cortisol,
    dopamine,
    serotonin,
    adrenaline,
    signal,
    anomaly_detected,
    active_tool,
    machine_id,
    job_id
) VALUES (
    '2026-01-24T10:57:34.438944',
    1273,
    70.21,
    3.3862,
    2.8075,
    2.1281,
    30.38,
    0.2308,
    100,
    0,
    0,
    0,
    'WARNING',
    0,
    'T01',
    1,
    'JOB-000002'
);

INSERT INTO erp_telemetry (
    timestamp,
    rpm,
    load,
    vibration_x,
    vibration_y,
    vibration_z,
    temperature_c,
    tool_health,
    cortisol,
    dopamine,
    serotonin,
    adrenaline,
    signal,
    anomaly_detected,
    active_tool,
    machine_id,
    job_id
) VALUES (
    '2026-01-24T10:58:06.438944',
    1273,
    71.45,
    3.4462,
    2.8529,
    2.168,
    30.49,
    0.2147,
    100,
    0,
    0,
    0,
    'WARNING',
    0,
    'T01',
    1,
    'JOB-000002'
);


-- Reverse Engineering Project: MarineFix_Ltd_Bracket_Mount_REPL_424
-- Generated: 2026-01-24T10:31:58.438944
-- Scenario: Emergency replacement - catastrophic failure in field


-- Project: MarineFix_Ltd_Bracket_Mount_REPL_424
INSERT INTO erp_project (
    name,
    part_number,
    gcode,
    created_at,
    material,
    complexity_score,
    estimated_cycle_time,
    dimensions,
    llm_suggestions,
    success,
    vendor_name,
    part_type,
    failure_scenario
) VALUES (
    'MarineFix_Ltd_Bracket_Mount_REPL_424',
    'PN-C9D0294F',
    '(G-Code generated from reverse-engineered CAD model)',
    '2026-01-24T10:31:58.438944',
    'Steel4140',
    0.45,
    174.12,
    '{"ideal": {"length": 480.334, "width": 288.201, "thickness": 48.033, "hole_diameter": 72.05}, "scanned": {"length": 472.6011, "width": 281.409, "thickness": 47.1114, "hole_diameter": 71.5902}, "deviation": {"length": 7.7329, "width": 6.792, "thickness": 0.9216, "hole_diameter": 0.4598}, "max_deviation": 7.7329}',
    '{"material_recommendation": "Steel4140", "complexity_analysis": "Complexity score 0.45 - Medium", "tooling_suggestions": ["Carbide end mill for roughing", "Coated carbide for finishing"], "risk_factors": ["Material hardness requires careful tool selection", "Wear deviation of 7.733mm indicates significant usage"]}',
    1,
    'MarineFix_Ltd',
    'Bracket_Mount',
    'Emergency replacement - catastrophic failure in field'
);


-- Job for project 3
INSERT INTO erp_job (
    job_id,
    quantity,
    completed_quantity,
    priority,
    status,
    project_id,
    machine_id,
    started_at
) VALUES (
    'JOB-000003',
    1,
    1,
    1,
    'COMPLETED',
    3,
    1,
    datetime('now')
);


-- Telemetry Data (Biochemical + Physical)

INSERT INTO erp_telemetry (
    timestamp,
    rpm,
    load,
    vibration_x,
    vibration_y,
    vibration_z,
    temperature_c,
    tool_health,
    cortisol,
    dopamine,
    serotonin,
    adrenaline,
    signal,
    anomaly_detected,
    active_tool,
    machine_id,
    job_id
) VALUES (
    '2026-01-24T10:31:58.438944',
    318,
    39.64,
    0.1075,
    0.0858,
    0.0641,
    25.01,
    0.9975,
    9.0,
    52.0,
    75.5,
    0,
    'OK',
    0,
    'T01',
    1,
    'JOB-000003'
);

INSERT INTO erp_telemetry (
    timestamp,
    rpm,
    load,
    vibration_x,
    vibration_y,
    vibration_z,
    temperature_c,
    tool_health,
    cortisol,
    dopamine,
    serotonin,
    adrenaline,
    signal,
    anomaly_detected,
    active_tool,
    machine_id,
    job_id
) VALUES (
    '2026-01-24T10:35:26.438944',
    318,
    60.29,
    1.6617,
    1.3335,
    1.0012,
    26.57,
    0.4775,
    0,
    10.0,
    100,
    0,
    'OK',
    0,
    'T01',
    1,
    'JOB-000003'
);

INSERT INTO erp_telemetry (
    timestamp,
    rpm,
    load,
    vibration_x,
    vibration_y,
    vibration_z,
    temperature_c,
    tool_health,
    cortisol,
    dopamine,
    serotonin,
    adrenaline,
    signal,
    anomaly_detected,
    active_tool,
    machine_id,
    job_id
) VALUES (
    '2026-01-24T10:38:54.438944',
    318,
    80.39,
    3.0989,
    2.4785,
    1.8603,
    28.13,
    0.0,
    100,
    0,
    0,
    100,
    'ALERT',
    1,
    'T01',
    1,
    'JOB-000003'
);

INSERT INTO erp_telemetry (
    timestamp,
    rpm,
    load,
    vibration_x,
    vibration_y,
    vibration_z,
    temperature_c,
    tool_health,
    cortisol,
    dopamine,
    serotonin,
    adrenaline,
    signal,
    anomaly_detected,
    active_tool,
    machine_id,
    job_id
) VALUES (
    '2026-01-24T10:42:22.438944',
    318,
    80.01,
    3.0981,
    2.4787,
    1.8595,
    29.69,
    0.0,
    100,
    0,
    0,
    100,
    'ALERT',
    1,
    'T01',
    1,
    'JOB-000003'
);

INSERT INTO erp_telemetry (
    timestamp,
    rpm,
    load,
    vibration_x,
    vibration_y,
    vibration_z,
    temperature_c,
    tool_health,
    cortisol,
    dopamine,
    serotonin,
    adrenaline,
    signal,
    anomaly_detected,
    active_tool,
    machine_id,
    job_id
) VALUES (
    '2026-01-24T10:45:50.438944',
    318,
    80.14,
    3.1023,
    2.4804,
    1.8609,
    31.25,
    0.0,
    100,
    0,
    0,
    100,
    'ALERT',
    1,
    'T01',
    1,
    'JOB-000003'
);

INSERT INTO erp_telemetry (
    timestamp,
    rpm,
    load,
    vibration_x,
    vibration_y,
    vibration_z,
    temperature_c,
    tool_health,
    cortisol,
    dopamine,
    serotonin,
    adrenaline,
    signal,
    anomaly_detected,
    active_tool,
    machine_id,
    job_id
) VALUES (
    '2026-01-24T10:49:18.438944',
    318,
    79.42,
    3.0991,
    2.4804,
    1.8592,
    32.81,
    0.0,
    100,
    0,
    0,
    100,
    'ALERT',
    1,
    'T01',
    1,
    'JOB-000003'
);

INSERT INTO erp_telemetry (
    timestamp,
    rpm,
    load,
    vibration_x,
    vibration_y,
    vibration_z,
    temperature_c,
    tool_health,
    cortisol,
    dopamine,
    serotonin,
    adrenaline,
    signal,
    anomaly_detected,
    active_tool,
    machine_id,
    job_id
) VALUES (
    '2026-01-24T10:52:46.438944',
    318,
    80.22,
    3.0998,
    2.4775,
    1.8624,
    34.37,
    0.0,
    100,
    0,
    0,
    100,
    'ALERT',
    1,
    'T01',
    1,
    'JOB-000003'
);

INSERT INTO erp_telemetry (
    timestamp,
    rpm,
    load,
    vibration_x,
    vibration_y,
    vibration_z,
    temperature_c,
    tool_health,
    cortisol,
    dopamine,
    serotonin,
    adrenaline,
    signal,
    anomaly_detected,
    active_tool,
    machine_id,
    job_id
) VALUES (
    '2026-01-24T10:56:14.438944',
    318,
    80.77,
    3.0973,
    2.4785,
    1.8603,
    35.93,
    0.0,
    100,
    0,
    0,
    100,
    'ALERT',
    1,
    'T01',
    1,
    'JOB-000003'
);

INSERT INTO erp_telemetry (
    timestamp,
    rpm,
    load,
    vibration_x,
    vibration_y,
    vibration_z,
    temperature_c,
    tool_health,
    cortisol,
    dopamine,
    serotonin,
    adrenaline,
    signal,
    anomaly_detected,
    active_tool,
    machine_id,
    job_id
) VALUES (
    '2026-01-24T10:59:42.438944',
    318,
    79.76,
    3.1028,
    2.4803,
    1.8588,
    37.49,
    0.0,
    100,
    0,
    0,
    100,
    'ALERT',
    1,
    'T01',
    1,
    'JOB-000003'
);

INSERT INTO erp_telemetry (
    timestamp,
    rpm,
    load,
    vibration_x,
    vibration_y,
    vibration_z,
    temperature_c,
    tool_health,
    cortisol,
    dopamine,
    serotonin,
    adrenaline,
    signal,
    anomaly_detected,
    active_tool,
    machine_id,
    job_id
) VALUES (
    '2026-01-24T11:03:10.438944',
    318,
    79.96,
    3.1009,
    2.4801,
    1.8601,
    39.05,
    0.0,
    100,
    0,
    0,
    100,
    'ALERT',
    1,
    'T01',
    1,
    'JOB-000003'
);

INSERT INTO erp_telemetry (
    timestamp,
    rpm,
    load,
    vibration_x,
    vibration_y,
    vibration_z,
    temperature_c,
    tool_health,
    cortisol,
    dopamine,
    serotonin,
    adrenaline,
    signal,
    anomaly_detected,
    active_tool,
    machine_id,
    job_id
) VALUES (
    '2026-01-24T11:06:38.438944',
    318,
    80.04,
    3.0987,
    2.4809,
    1.8595,
    40.61,
    0.0,
    100,
    0,
    0,
    100,
    'ALERT',
    1,
    'T01',
    1,
    'JOB-000003'
);

INSERT INTO erp_telemetry (
    timestamp,
    rpm,
    load,
    vibration_x,
    vibration_y,
    vibration_z,
    temperature_c,
    tool_health,
    cortisol,
    dopamine,
    serotonin,
    adrenaline,
    signal,
    anomaly_detected,
    active_tool,
    machine_id,
    job_id
) VALUES (
    '2026-01-24T11:10:06.438944',
    318,
    80.43,
    3.1006,
    2.479,
    1.8607,
    42.17,
    0.0,
    100,
    0,
    0,
    100,
    'ALERT',
    1,
    'T01',
    1,
    'JOB-000003'
);

INSERT INTO erp_telemetry (
    timestamp,
    rpm,
    load,
    vibration_x,
    vibration_y,
    vibration_z,
    temperature_c,
    tool_health,
    cortisol,
    dopamine,
    serotonin,
    adrenaline,
    signal,
    anomaly_detected,
    active_tool,
    machine_id,
    job_id
) VALUES (
    '2026-01-24T11:13:34.438944',
    318,
    80.11,
    3.0974,
    2.4787,
    1.8592,
    43.73,
    0.0,
    100,
    0,
    0,
    100,
    'ALERT',
    1,
    'T01',
    1,
    'JOB-000003'
);

INSERT INTO erp_telemetry (
    timestamp,
    rpm,
    load,
    vibration_x,
    vibration_y,
    vibration_z,
    temperature_c,
    tool_health,
    cortisol,
    dopamine,
    serotonin,
    adrenaline,
    signal,
    anomaly_detected,
    active_tool,
    machine_id,
    job_id
) VALUES (
    '2026-01-24T11:17:02.438944',
    318,
    80.3,
    3.1009,
    2.482,
    1.8612,
    45.29,
    0.0,
    100,
    0,
    0,
    100,
    'ALERT',
    1,
    'T01',
    1,
    'JOB-000003'
);

INSERT INTO erp_telemetry (
    timestamp,
    rpm,
    load,
    vibration_x,
    vibration_y,
    vibration_z,
    temperature_c,
    tool_health,
    cortisol,
    dopamine,
    serotonin,
    adrenaline,
    signal,
    anomaly_detected,
    active_tool,
    machine_id,
    job_id
) VALUES (
    '2026-01-24T11:20:30.438944',
    318,
    80.0,
    3.1004,
    2.4795,
    1.8605,
    46.85,
    0.0,
    100,
    0,
    0,
    100,
    'ALERT',
    1,
    'T01',
    1,
    'JOB-000003'
);

INSERT INTO erp_telemetry (
    timestamp,
    rpm,
    load,
    vibration_x,
    vibration_y,
    vibration_z,
    temperature_c,
    tool_health,
    cortisol,
    dopamine,
    serotonin,
    adrenaline,
    signal,
    anomaly_detected,
    active_tool,
    machine_id,
    job_id
) VALUES (
    '2026-01-24T11:23:58.438944',
    318,
    80.26,
    3.096,
    2.4766,
    1.8598,
    48.41,
    0.0,
    100,
    0,
    0,
    100,
    'ALERT',
    1,
    'T01',
    1,
    'JOB-000003'
);

INSERT INTO erp_telemetry (
    timestamp,
    rpm,
    load,
    vibration_x,
    vibration_y,
    vibration_z,
    temperature_c,
    tool_health,
    cortisol,
    dopamine,
    serotonin,
    adrenaline,
    signal,
    anomaly_detected,
    active_tool,
    machine_id,
    job_id
) VALUES (
    '2026-01-24T11:27:26.438944',
    318,
    79.58,
    3.0964,
    2.4802,
    1.8595,
    49.97,
    0.0,
    100,
    0,
    0,
    100,
    'ALERT',
    1,
    'T01',
    1,
    'JOB-000003'
);

INSERT INTO erp_telemetry (
    timestamp,
    rpm,
    load,
    vibration_x,
    vibration_y,
    vibration_z,
    temperature_c,
    tool_health,
    cortisol,
    dopamine,
    serotonin,
    adrenaline,
    signal,
    anomaly_detected,
    active_tool,
    machine_id,
    job_id
) VALUES (
    '2026-01-24T11:30:54.438944',
    318,
    80.72,
    3.0975,
    2.479,
    1.8607,
    51.53,
    0.0,
    100,
    0,
    0,
    100,
    'ALERT',
    1,
    'T01',
    1,
    'JOB-000003'
);

INSERT INTO erp_telemetry (
    timestamp,
    rpm,
    load,
    vibration_x,
    vibration_y,
    vibration_z,
    temperature_c,
    tool_health,
    cortisol,
    dopamine,
    serotonin,
    adrenaline,
    signal,
    anomaly_detected,
    active_tool,
    machine_id,
    job_id
) VALUES (
    '2026-01-24T11:34:22.438944',
    318,
    80.94,
    3.0986,
    2.4808,
    1.858,
    53.09,
    0.0,
    100,
    0,
    0,
    100,
    'ALERT',
    1,
    'T01',
    1,
    'JOB-000003'
);

INSERT INTO erp_telemetry (
    timestamp,
    rpm,
    load,
    vibration_x,
    vibration_y,
    vibration_z,
    temperature_c,
    tool_health,
    cortisol,
    dopamine,
    serotonin,
    adrenaline,
    signal,
    anomaly_detected,
    active_tool,
    machine_id,
    job_id
) VALUES (
    '2026-01-24T11:37:50.438944',
    318,
    80.39,
    3.1,
    2.4772,
    1.8601,
    54.65,
    0.0,
    100,
    0,
    0,
    100,
    'ALERT',
    1,
    'T01',
    1,
    'JOB-000003'
);

INSERT INTO erp_telemetry (
    timestamp,
    rpm,
    load,
    vibration_x,
    vibration_y,
    vibration_z,
    temperature_c,
    tool_health,
    cortisol,
    dopamine,
    serotonin,
    adrenaline,
    signal,
    anomaly_detected,
    active_tool,
    machine_id,
    job_id
) VALUES (
    '2026-01-24T11:41:18.438944',
    318,
    80.89,
    3.1013,
    2.4824,
    1.8589,
    56.21,
    0.0,
    100,
    0,
    0,
    100,
    'ALERT',
    1,
    'T01',
    1,
    'JOB-000003'
);

INSERT INTO erp_telemetry (
    timestamp,
    rpm,
    load,
    vibration_x,
    vibration_y,
    vibration_z,
    temperature_c,
    tool_health,
    cortisol,
    dopamine,
    serotonin,
    adrenaline,
    signal,
    anomaly_detected,
    active_tool,
    machine_id,
    job_id
) VALUES (
    '2026-01-24T11:44:46.438944',
    318,
    79.93,
    3.1028,
    2.481,
    1.8619,
    57.77,
    0.0,
    100,
    0,
    0,
    100,
    'ALERT',
    1,
    'T01',
    1,
    'JOB-000003'
);

INSERT INTO erp_telemetry (
    timestamp,
    rpm,
    load,
    vibration_x,
    vibration_y,
    vibration_z,
    temperature_c,
    tool_health,
    cortisol,
    dopamine,
    serotonin,
    adrenaline,
    signal,
    anomaly_detected,
    active_tool,
    machine_id,
    job_id
) VALUES (
    '2026-01-24T11:48:14.438944',
    318,
    80.55,
    3.1004,
    2.4817,
    1.8607,
    59.33,
    0.0,
    100,
    0,
    0,
    100,
    'ALERT',
    1,
    'T01',
    1,
    'JOB-000003'
);

INSERT INTO erp_telemetry (
    timestamp,
    rpm,
    load,
    vibration_x,
    vibration_y,
    vibration_z,
    temperature_c,
    tool_health,
    cortisol,
    dopamine,
    serotonin,
    adrenaline,
    signal,
    anomaly_detected,
    active_tool,
    machine_id,
    job_id
) VALUES (
    '2026-01-24T11:51:42.438944',
    318,
    79.47,
    3.0978,
    2.4811,
    1.8601,
    60.89,
    0.0,
    100,
    0,
    0,
    100,
    'ALERT',
    1,
    'T01',
    1,
    'JOB-000003'
);

INSERT INTO erp_telemetry (
    timestamp,
    rpm,
    load,
    vibration_x,
    vibration_y,
    vibration_z,
    temperature_c,
    tool_health,
    cortisol,
    dopamine,
    serotonin,
    adrenaline,
    signal,
    anomaly_detected,
    active_tool,
    machine_id,
    job_id
) VALUES (
    '2026-01-24T11:55:10.438944',
    318,
    80.07,
    3.1024,
    2.4774,
    1.8609,
    62.45,
    0.0,
    100,
    0,
    0,
    100,
    'ALERT',
    1,
    'T01',
    1,
    'JOB-000003'
);

INSERT INTO erp_telemetry (
    timestamp,
    rpm,
    load,
    vibration_x,
    vibration_y,
    vibration_z,
    temperature_c,
    tool_health,
    cortisol,
    dopamine,
    serotonin,
    adrenaline,
    signal,
    anomaly_detected,
    active_tool,
    machine_id,
    job_id
) VALUES (
    '2026-01-24T11:58:38.438944',
    318,
    80.44,
    3.099,
    2.4787,
    1.8588,
    64.01,
    0.0,
    100,
    0,
    0,
    100,
    'ALERT',
    1,
    'T01',
    1,
    'JOB-000003'
);

INSERT INTO erp_telemetry (
    timestamp,
    rpm,
    load,
    vibration_x,
    vibration_y,
    vibration_z,
    temperature_c,
    tool_health,
    cortisol,
    dopamine,
    serotonin,
    adrenaline,
    signal,
    anomaly_detected,
    active_tool,
    machine_id,
    job_id
) VALUES (
    '2026-01-24T12:02:06.438944',
    318,
    80.13,
    3.1002,
    2.479,
    1.8613,
    65.57,
    0.0,
    100,
    0,
    0,
    100,
    'ALERT',
    1,
    'T01',
    1,
    'JOB-000003'
);

INSERT INTO erp_telemetry (
    timestamp,
    rpm,
    load,
    vibration_x,
    vibration_y,
    vibration_z,
    temperature_c,
    tool_health,
    cortisol,
    dopamine,
    serotonin,
    adrenaline,
    signal,
    anomaly_detected,
    active_tool,
    machine_id,
    job_id
) VALUES (
    '2026-01-24T12:05:34.438944',
    318,
    80.91,
    3.104,
    2.4785,
    1.8582,
    67.13,
    0.0,
    100,
    0,
    0,
    100,
    'ALERT',
    1,
    'T01',
    1,
    'JOB-000003'
);

INSERT INTO erp_telemetry (
    timestamp,
    rpm,
    load,
    vibration_x,
    vibration_y,
    vibration_z,
    temperature_c,
    tool_health,
    cortisol,
    dopamine,
    serotonin,
    adrenaline,
    signal,
    anomaly_detected,
    active_tool,
    machine_id,
    job_id
) VALUES (
    '2026-01-24T12:09:02.438944',
    318,
    79.36,
    3.1004,
    2.4785,
    1.8596,
    68.69,
    0.0,
    100,
    0,
    0,
    100,
    'ALERT',
    1,
    'T01',
    1,
    'JOB-000003'
);

INSERT INTO erp_telemetry (
    timestamp,
    rpm,
    load,
    vibration_x,
    vibration_y,
    vibration_z,
    temperature_c,
    tool_health,
    cortisol,
    dopamine,
    serotonin,
    adrenaline,
    signal,
    anomaly_detected,
    active_tool,
    machine_id,
    job_id
) VALUES (
    '2026-01-24T12:12:30.438944',
    318,
    80.02,
    3.0984,
    2.4794,
    1.8613,
    70.25,
    0.0,
    100,
    0,
    0,
    100,
    'ALERT',
    1,
    'T01',
    1,
    'JOB-000003'
);

INSERT INTO erp_telemetry (
    timestamp,
    rpm,
    load,
    vibration_x,
    vibration_y,
    vibration_z,
    temperature_c,
    tool_health,
    cortisol,
    dopamine,
    serotonin,
    adrenaline,
    signal,
    anomaly_detected,
    active_tool,
    machine_id,
    job_id
) VALUES (
    '2026-01-24T12:15:58.438944',
    318,
    79.37,
    3.1016,
    2.4777,
    1.8579,
    71.81,
    0.0,
    100,
    0,
    0,
    100,
    'ALERT',
    1,
    'T01',
    1,
    'JOB-000003'
);

INSERT INTO erp_telemetry (
    timestamp,
    rpm,
    load,
    vibration_x,
    vibration_y,
    vibration_z,
    temperature_c,
    tool_health,
    cortisol,
    dopamine,
    serotonin,
    adrenaline,
    signal,
    anomaly_detected,
    active_tool,
    machine_id,
    job_id
) VALUES (
    '2026-01-24T12:19:26.438944',
    318,
    79.78,
    3.0998,
    2.4815,
    1.8608,
    73.37,
    0.0,
    100,
    0,
    0,
    100,
    'ALERT',
    1,
    'T01',
    1,
    'JOB-000003'
);

INSERT INTO erp_telemetry (
    timestamp,
    rpm,
    load,
    vibration_x,
    vibration_y,
    vibration_z,
    temperature_c,
    tool_health,
    cortisol,
    dopamine,
    serotonin,
    adrenaline,
    signal,
    anomaly_detected,
    active_tool,
    machine_id,
    job_id
) VALUES (
    '2026-01-24T12:22:54.438944',
    318,
    79.69,
    3.1011,
    2.4764,
    1.8597,
    74.93,
    0.0,
    100,
    0,
    0,
    100,
    'ALERT',
    1,
    'T01',
    1,
    'JOB-000003'
);

INSERT INTO erp_telemetry (
    timestamp,
    rpm,
    load,
    vibration_x,
    vibration_y,
    vibration_z,
    temperature_c,
    tool_health,
    cortisol,
    dopamine,
    serotonin,
    adrenaline,
    signal,
    anomaly_detected,
    active_tool,
    machine_id,
    job_id
) VALUES (
    '2026-01-24T12:26:22.438944',
    318,
    80.29,
    3.1018,
    2.4792,
    1.8594,
    76.49,
    0.0,
    100,
    0,
    0,
    100,
    'ALERT',
    1,
    'T01',
    1,
    'JOB-000003'
);

INSERT INTO erp_telemetry (
    timestamp,
    rpm,
    load,
    vibration_x,
    vibration_y,
    vibration_z,
    temperature_c,
    tool_health,
    cortisol,
    dopamine,
    serotonin,
    adrenaline,
    signal,
    anomaly_detected,
    active_tool,
    machine_id,
    job_id
) VALUES (
    '2026-01-24T12:29:50.438944',
    318,
    80.92,
    3.1013,
    2.4824,
    1.862,
    78.05,
    0.0,
    100,
    0,
    0,
    100,
    'ALERT',
    1,
    'T01',
    1,
    'JOB-000003'
);

INSERT INTO erp_telemetry (
    timestamp,
    rpm,
    load,
    vibration_x,
    vibration_y,
    vibration_z,
    temperature_c,
    tool_health,
    cortisol,
    dopamine,
    serotonin,
    adrenaline,
    signal,
    anomaly_detected,
    active_tool,
    machine_id,
    job_id
) VALUES (
    '2026-01-24T12:33:18.438944',
    318,
    79.26,
    3.1031,
    2.4812,
    1.8613,
    79.61,
    0.0,
    100,
    0,
    0,
    100,
    'ALERT',
    1,
    'T01',
    1,
    'JOB-000003'
);

INSERT INTO erp_telemetry (
    timestamp,
    rpm,
    load,
    vibration_x,
    vibration_y,
    vibration_z,
    temperature_c,
    tool_health,
    cortisol,
    dopamine,
    serotonin,
    adrenaline,
    signal,
    anomaly_detected,
    active_tool,
    machine_id,
    job_id
) VALUES (
    '2026-01-24T12:36:46.438944',
    318,
    80.07,
    3.1024,
    2.4811,
    1.8598,
    81.17,
    0.0,
    100,
    0,
    0,
    100,
    'ALERT',
    1,
    'T01',
    1,
    'JOB-000003'
);

INSERT INTO erp_telemetry (
    timestamp,
    rpm,
    load,
    vibration_x,
    vibration_y,
    vibration_z,
    temperature_c,
    tool_health,
    cortisol,
    dopamine,
    serotonin,
    adrenaline,
    signal,
    anomaly_detected,
    active_tool,
    machine_id,
    job_id
) VALUES (
    '2026-01-24T12:40:14.438944',
    318,
    80.77,
    3.0981,
    2.4796,
    1.8614,
    82.73,
    0.0,
    100,
    0,
    0,
    100,
    'ALERT',
    1,
    'T01',
    1,
    'JOB-000003'
);

INSERT INTO erp_telemetry (
    timestamp,
    rpm,
    load,
    vibration_x,
    vibration_y,
    vibration_z,
    temperature_c,
    tool_health,
    cortisol,
    dopamine,
    serotonin,
    adrenaline,
    signal,
    anomaly_detected,
    active_tool,
    machine_id,
    job_id
) VALUES (
    '2026-01-24T12:43:42.438944',
    318,
    80.25,
    3.0977,
    2.4809,
    1.8603,
    84.29,
    0.0,
    100,
    0,
    0,
    100,
    'ALERT',
    1,
    'T01',
    1,
    'JOB-000003'
);

INSERT INTO erp_telemetry (
    timestamp,
    rpm,
    load,
    vibration_x,
    vibration_y,
    vibration_z,
    temperature_c,
    tool_health,
    cortisol,
    dopamine,
    serotonin,
    adrenaline,
    signal,
    anomaly_detected,
    active_tool,
    machine_id,
    job_id
) VALUES (
    '2026-01-24T12:47:10.438944',
    318,
    80.61,
    3.0976,
    2.4801,
    1.8587,
    85.85,
    0.0,
    100,
    0,
    0,
    100,
    'ALERT',
    1,
    'T01',
    1,
    'JOB-000003'
);

INSERT INTO erp_telemetry (
    timestamp,
    rpm,
    load,
    vibration_x,
    vibration_y,
    vibration_z,
    temperature_c,
    tool_health,
    cortisol,
    dopamine,
    serotonin,
    adrenaline,
    signal,
    anomaly_detected,
    active_tool,
    machine_id,
    job_id
) VALUES (
    '2026-01-24T12:50:38.438944',
    318,
    81.04,
    3.1005,
    2.4782,
    1.8594,
    87.41,
    0.0,
    100,
    0,
    0,
    100,
    'ALERT',
    1,
    'T01',
    1,
    'JOB-000003'
);

INSERT INTO erp_telemetry (
    timestamp,
    rpm,
    load,
    vibration_x,
    vibration_y,
    vibration_z,
    temperature_c,
    tool_health,
    cortisol,
    dopamine,
    serotonin,
    adrenaline,
    signal,
    anomaly_detected,
    active_tool,
    machine_id,
    job_id
) VALUES (
    '2026-01-24T12:54:06.438944',
    318,
    79.82,
    3.0993,
    2.4795,
    1.8599,
    88.97,
    0.0,
    100,
    0,
    0,
    100,
    'ALERT',
    1,
    'T01',
    1,
    'JOB-000003'
);

INSERT INTO erp_telemetry (
    timestamp,
    rpm,
    load,
    vibration_x,
    vibration_y,
    vibration_z,
    temperature_c,
    tool_health,
    cortisol,
    dopamine,
    serotonin,
    adrenaline,
    signal,
    anomaly_detected,
    active_tool,
    machine_id,
    job_id
) VALUES (
    '2026-01-24T12:57:34.438944',
    318,
    79.92,
    3.1009,
    2.477,
    1.8608,
    90.53,
    0.0,
    100,
    0,
    0,
    100,
    'ALERT',
    1,
    'T01',
    1,
    'JOB-000003'
);

INSERT INTO erp_telemetry (
    timestamp,
    rpm,
    load,
    vibration_x,
    vibration_y,
    vibration_z,
    temperature_c,
    tool_health,
    cortisol,
    dopamine,
    serotonin,
    adrenaline,
    signal,
    anomaly_detected,
    active_tool,
    machine_id,
    job_id
) VALUES (
    '2026-01-24T13:01:02.438944',
    318,
    79.59,
    3.096,
    2.479,
    1.8588,
    92.09,
    0.0,
    100,
    0,
    0,
    100,
    'ALERT',
    1,
    'T01',
    1,
    'JOB-000003'
);

INSERT INTO erp_telemetry (
    timestamp,
    rpm,
    load,
    vibration_x,
    vibration_y,
    vibration_z,
    temperature_c,
    tool_health,
    cortisol,
    dopamine,
    serotonin,
    adrenaline,
    signal,
    anomaly_detected,
    active_tool,
    machine_id,
    job_id
) VALUES (
    '2026-01-24T13:04:30.438944',
    318,
    79.15,
    3.1023,
    2.4807,
    1.8602,
    93.65,
    0.0,
    100,
    0,
    0,
    100,
    'ALERT',
    1,
    'T01',
    1,
    'JOB-000003'
);

INSERT INTO erp_telemetry (
    timestamp,
    rpm,
    load,
    vibration_x,
    vibration_y,
    vibration_z,
    temperature_c,
    tool_health,
    cortisol,
    dopamine,
    serotonin,
    adrenaline,
    signal,
    anomaly_detected,
    active_tool,
    machine_id,
    job_id
) VALUES (
    '2026-01-24T13:07:58.438944',
    318,
    80.3,
    3.098,
    2.4834,
    1.8589,
    95.21,
    0.0,
    100,
    0,
    0,
    100,
    'ALERT',
    1,
    'T01',
    1,
    'JOB-000003'
);

INSERT INTO erp_telemetry (
    timestamp,
    rpm,
    load,
    vibration_x,
    vibration_y,
    vibration_z,
    temperature_c,
    tool_health,
    cortisol,
    dopamine,
    serotonin,
    adrenaline,
    signal,
    anomaly_detected,
    active_tool,
    machine_id,
    job_id
) VALUES (
    '2026-01-24T13:11:26.438944',
    318,
    79.7,
    3.0989,
    2.4779,
    1.8595,
    96.77,
    0.0,
    100,
    0,
    0,
    100,
    'ALERT',
    1,
    'T01',
    1,
    'JOB-000003'
);

INSERT INTO erp_telemetry (
    timestamp,
    rpm,
    load,
    vibration_x,
    vibration_y,
    vibration_z,
    temperature_c,
    tool_health,
    cortisol,
    dopamine,
    serotonin,
    adrenaline,
    signal,
    anomaly_detected,
    active_tool,
    machine_id,
    job_id
) VALUES (
    '2026-01-24T13:14:54.438944',
    318,
    80.39,
    3.099,
    2.4802,
    1.8603,
    98.33,
    0.0,
    100,
    0,
    0,
    100,
    'ALERT',
    1,
    'T01',
    1,
    'JOB-000003'
);

INSERT INTO erp_telemetry (
    timestamp,
    rpm,
    load,
    vibration_x,
    vibration_y,
    vibration_z,
    temperature_c,
    tool_health,
    cortisol,
    dopamine,
    serotonin,
    adrenaline,
    signal,
    anomaly_detected,
    active_tool,
    machine_id,
    job_id
) VALUES (
    '2026-01-24T13:18:22.438944',
    318,
    79.22,
    3.0951,
    2.4814,
    1.8603,
    99.89,
    0.0,
    100,
    0,
    0,
    100,
    'ALERT',
    1,
    'T01',
    1,
    'JOB-000003'
);

INSERT INTO erp_telemetry (
    timestamp,
    rpm,
    load,
    vibration_x,
    vibration_y,
    vibration_z,
    temperature_c,
    tool_health,
    cortisol,
    dopamine,
    serotonin,
    adrenaline,
    signal,
    anomaly_detected,
    active_tool,
    machine_id,
    job_id
) VALUES (
    '2026-01-24T13:21:50.438944',
    318,
    80.84,
    3.1017,
    2.4797,
    1.8597,
    101.45,
    0.0,
    100,
    0,
    0,
    100,
    'ALERT',
    1,
    'T01',
    1,
    'JOB-000003'
);


-- Reverse Engineering Project: MarineFix_Ltd_Shaft_Drive_REPL_749
-- Generated: 2026-01-24T10:31:58.438944
-- Scenario: Cost reduction - seeking domestic alternative to import


-- Project: MarineFix_Ltd_Shaft_Drive_REPL_749
INSERT INTO erp_project (
    name,
    part_number,
    gcode,
    created_at,
    material,
    complexity_score,
    estimated_cycle_time,
    dimensions,
    llm_suggestions,
    success,
    vendor_name,
    part_type,
    failure_scenario
) VALUES (
    'MarineFix_Ltd_Shaft_Drive_REPL_749',
    'PN-9E279ACE',
    '(G-Code generated from reverse-engineered CAD model)',
    '2026-01-24T10:31:58.438944',
    'BrassC360',
    0.47,
    9.92,
    '{"ideal": {"diameter": 26.985, "length": 134.923, "keyway_width": 6.746}, "scanned": {"diameter": 25.3276, "length": 124.0508, "keyway_width": 6.6952}, "deviation": {"diameter": 1.6574, "length": 10.8722, "keyway_width": 0.0508}, "max_deviation": 10.8722}',
    '{"material_recommendation": "BrassC360", "complexity_analysis": "Complexity score 0.47 - Medium", "tooling_suggestions": ["Carbide end mill for roughing", "Coated carbide for finishing"], "risk_factors": ["Material hardness requires careful tool selection", "Wear deviation of 10.872mm indicates significant usage"]}',
    1,
    'MarineFix_Ltd',
    'Shaft_Drive',
    'Cost reduction - seeking domestic alternative to import'
);


-- Job for project 4
INSERT INTO erp_job (
    job_id,
    quantity,
    completed_quantity,
    priority,
    status,
    project_id,
    machine_id,
    started_at
) VALUES (
    'JOB-000004',
    1,
    1,
    1,
    'COMPLETED',
    4,
    1,
    datetime('now')
);


-- Telemetry Data (Biochemical + Physical)

INSERT INTO erp_telemetry (
    timestamp,
    rpm,
    load,
    vibration_x,
    vibration_y,
    vibration_z,
    temperature_c,
    tool_health,
    cortisol,
    dopamine,
    serotonin,
    adrenaline,
    signal,
    anomaly_detected,
    active_tool,
    machine_id,
    job_id
) VALUES (
    '2026-01-24T10:31:58.438944',
    1273,
    39.97,
    0.4855,
    0.4288,
    0.3305,
    25.0,
    0.9995,
    9.0,
    52.0,
    75.5,
    0,
    'OK',
    0,
    'T01',
    1,
    'JOB-000004'
);

INSERT INTO erp_telemetry (
    timestamp,
    rpm,
    load,
    vibration_x,
    vibration_y,
    vibration_z,
    temperature_c,
    tool_health,
    cortisol,
    dopamine,
    serotonin,
    adrenaline,
    signal,
    anomaly_detected,
    active_tool,
    machine_id,
    job_id
) VALUES (
    '2026-01-24T10:32:09.438944',
    1273,
    40.23,
    0.5089,
    0.4449,
    0.3436,
    25.04,
    0.994,
    0,
    74.0,
    81.0,
    0,
    'OK',
    0,
    'T01',
    1,
    'JOB-000004'
);

INSERT INTO erp_telemetry (
    timestamp,
    rpm,
    load,
    vibration_x,
    vibration_y,
    vibration_z,
    temperature_c,
    tool_health,
    cortisol,
    dopamine,
    serotonin,
    adrenaline,
    signal,
    anomaly_detected,
    active_tool,
    machine_id,
    job_id
) VALUES (
    '2026-01-24T10:32:20.438944',
    1273,
    40.36,
    0.5313,
    0.4624,
    0.3555,
    25.08,
    0.9885,
    0,
    96.0,
    86.5,
    0,
    'OK',
    0,
    'T01',
    1,
    'JOB-000004'
);

INSERT INTO erp_telemetry (
    timestamp,
    rpm,
    load,
    vibration_x,
    vibration_y,
    vibration_z,
    temperature_c,
    tool_health,
    cortisol,
    dopamine,
    serotonin,
    adrenaline,
    signal,
    anomaly_detected,
    active_tool,
    machine_id,
    job_id
) VALUES (
    '2026-01-24T10:32:31.438944',
    1273,
    40.31,
    0.5467,
    0.4764,
    0.3678,
    25.12,
    0.983,
    0,
    100,
    92.0,
    0,
    'OK',
    0,
    'T01',
    1,
    'JOB-000004'
);

INSERT INTO erp_telemetry (
    timestamp,
    rpm,
    load,
    vibration_x,
    vibration_y,
    vibration_z,
    temperature_c,
    tool_health,
    cortisol,
    dopamine,
    serotonin,
    adrenaline,
    signal,
    anomaly_detected,
    active_tool,
    machine_id,
    job_id
) VALUES (
    '2026-01-24T10:32:42.438944',
    1273,
    40.54,
    0.5697,
    0.4963,
    0.3792,
    25.16,
    0.9775,
    0,
    100,
    97.5,
    0,
    'OK',
    0,
    'T01',
    1,
    'JOB-000004'
);

INSERT INTO erp_telemetry (
    timestamp,
    rpm,
    load,
    vibration_x,
    vibration_y,
    vibration_z,
    temperature_c,
    tool_health,
    cortisol,
    dopamine,
    serotonin,
    adrenaline,
    signal,
    anomaly_detected,
    active_tool,
    machine_id,
    job_id
) VALUES (
    '2026-01-24T10:32:53.438944',
    1273,
    41.37,
    0.5939,
    0.5146,
    0.3942,
    25.2,
    0.972,
    0,
    100,
    100,
    0,
    'OK',
    0,
    'T01',
    1,
    'JOB-000004'
);

INSERT INTO erp_telemetry (
    timestamp,
    rpm,
    load,
    vibration_x,
    vibration_y,
    vibration_z,
    temperature_c,
    tool_health,
    cortisol,
    dopamine,
    serotonin,
    adrenaline,
    signal,
    anomaly_detected,
    active_tool,
    machine_id,
    job_id
) VALUES (
    '2026-01-24T10:33:04.438944',
    1273,
    41.3,
    0.6093,
    0.53,
    0.4077,
    25.23,
    0.9665,
    0,
    100,
    100,
    0,
    'OK',
    0,
    'T01',
    1,
    'JOB-000004'
);

INSERT INTO erp_telemetry (
    timestamp,
    rpm,
    load,
    vibration_x,
    vibration_y,
    vibration_z,
    temperature_c,
    tool_health,
    cortisol,
    dopamine,
    serotonin,
    adrenaline,
    signal,
    anomaly_detected,
    active_tool,
    machine_id,
    job_id
) VALUES (
    '2026-01-24T10:33:15.438944',
    1273,
    40.79,
    0.6307,
    0.5469,
    0.4209,
    25.27,
    0.961,
    0,
    100,
    100,
    0,
    'OK',
    0,
    'T01',
    1,
    'JOB-000004'
);

INSERT INTO erp_telemetry (
    timestamp,
    rpm,
    load,
    vibration_x,
    vibration_y,
    vibration_z,
    temperature_c,
    tool_health,
    cortisol,
    dopamine,
    serotonin,
    adrenaline,
    signal,
    anomaly_detected,
    active_tool,
    machine_id,
    job_id
) VALUES (
    '2026-01-24T10:33:26.438944',
    1273,
    42.18,
    0.6491,
    0.5652,
    0.4315,
    25.31,
    0.9555,
    0,
    100,
    100,
    0,
    'OK',
    0,
    'T01',
    1,
    'JOB-000004'
);

INSERT INTO erp_telemetry (
    timestamp,
    rpm,
    load,
    vibration_x,
    vibration_y,
    vibration_z,
    temperature_c,
    tool_health,
    cortisol,
    dopamine,
    serotonin,
    adrenaline,
    signal,
    anomaly_detected,
    active_tool,
    machine_id,
    job_id
) VALUES (
    '2026-01-24T10:33:37.438944',
    1273,
    42.02,
    0.6759,
    0.5835,
    0.4475,
    25.35,
    0.95,
    0,
    100,
    100,
    0,
    'OK',
    0,
    'T01',
    1,
    'JOB-000004'
);

INSERT INTO erp_telemetry (
    timestamp,
    rpm,
    load,
    vibration_x,
    vibration_y,
    vibration_z,
    temperature_c,
    tool_health,
    cortisol,
    dopamine,
    serotonin,
    adrenaline,
    signal,
    anomaly_detected,
    active_tool,
    machine_id,
    job_id
) VALUES (
    '2026-01-24T10:33:48.438944',
    1273,
    41.97,
    0.6951,
    0.5979,
    0.4587,
    25.39,
    0.9445,
    0,
    100,
    100,
    0,
    'OK',
    0,
    'T01',
    1,
    'JOB-000004'
);

INSERT INTO erp_telemetry (
    timestamp,
    rpm,
    load,
    vibration_x,
    vibration_y,
    vibration_z,
    temperature_c,
    tool_health,
    cortisol,
    dopamine,
    serotonin,
    adrenaline,
    signal,
    anomaly_detected,
    active_tool,
    machine_id,
    job_id
) VALUES (
    '2026-01-24T10:33:59.438944',
    1273,
    41.69,
    0.7151,
    0.6157,
    0.4711,
    25.43,
    0.939,
    0,
    100,
    100,
    0,
    'OK',
    0,
    'T01',
    1,
    'JOB-000004'
);

INSERT INTO erp_telemetry (
    timestamp,
    rpm,
    load,
    vibration_x,
    vibration_y,
    vibration_z,
    temperature_c,
    tool_health,
    cortisol,
    dopamine,
    serotonin,
    adrenaline,
    signal,
    anomaly_detected,
    active_tool,
    machine_id,
    job_id
) VALUES (
    '2026-01-24T10:34:10.438944',
    1273,
    42.85,
    0.738,
    0.6311,
    0.4855,
    25.47,
    0.9335,
    0,
    100,
    100,
    0,
    'OK',
    0,
    'T01',
    1,
    'JOB-000004'
);

INSERT INTO erp_telemetry (
    timestamp,
    rpm,
    load,
    vibration_x,
    vibration_y,
    vibration_z,
    temperature_c,
    tool_health,
    cortisol,
    dopamine,
    serotonin,
    adrenaline,
    signal,
    anomaly_detected,
    active_tool,
    machine_id,
    job_id
) VALUES (
    '2026-01-24T10:34:21.438944',
    1273,
    43.54,
    0.757,
    0.6483,
    0.4984,
    25.5,
    0.928,
    0,
    100,
    100,
    0,
    'OK',
    0,
    'T01',
    1,
    'JOB-000004'
);

INSERT INTO erp_telemetry (
    timestamp,
    rpm,
    load,
    vibration_x,
    vibration_y,
    vibration_z,
    temperature_c,
    tool_health,
    cortisol,
    dopamine,
    serotonin,
    adrenaline,
    signal,
    anomaly_detected,
    active_tool,
    machine_id,
    job_id
) VALUES (
    '2026-01-24T10:34:32.438944',
    1273,
    43.25,
    0.7764,
    0.6652,
    0.5104,
    25.54,
    0.9225,
    0,
    100,
    100,
    0,
    'OK',
    0,
    'T01',
    1,
    'JOB-000004'
);

INSERT INTO erp_telemetry (
    timestamp,
    rpm,
    load,
    vibration_x,
    vibration_y,
    vibration_z,
    temperature_c,
    tool_health,
    cortisol,
    dopamine,
    serotonin,
    adrenaline,
    signal,
    anomaly_detected,
    active_tool,
    machine_id,
    job_id
) VALUES (
    '2026-01-24T10:34:43.438944',
    1273,
    43.41,
    0.8007,
    0.6841,
    0.5215,
    25.58,
    0.917,
    0,
    100,
    100,
    0,
    'OK',
    0,
    'T01',
    1,
    'JOB-000004'
);

INSERT INTO erp_telemetry (
    timestamp,
    rpm,
    load,
    vibration_x,
    vibration_y,
    vibration_z,
    temperature_c,
    tool_health,
    cortisol,
    dopamine,
    serotonin,
    adrenaline,
    signal,
    anomaly_detected,
    active_tool,
    machine_id,
    job_id
) VALUES (
    '2026-01-24T10:34:54.438944',
    1273,
    43.51,
    0.8182,
    0.7019,
    0.5342,
    25.62,
    0.9115,
    0,
    100,
    100,
    0,
    'OK',
    0,
    'T01',
    1,
    'JOB-000004'
);

INSERT INTO erp_telemetry (
    timestamp,
    rpm,
    load,
    vibration_x,
    vibration_y,
    vibration_z,
    temperature_c,
    tool_health,
    cortisol,
    dopamine,
    serotonin,
    adrenaline,
    signal,
    anomaly_detected,
    active_tool,
    machine_id,
    job_id
) VALUES (
    '2026-01-24T10:35:05.438944',
    1273,
    43.39,
    0.8399,
    0.7164,
    0.548,
    25.66,
    0.906,
    0,
    100,
    100,
    0,
    'OK',
    0,
    'T01',
    1,
    'JOB-000004'
);

INSERT INTO erp_telemetry (
    timestamp,
    rpm,
    load,
    vibration_x,
    vibration_y,
    vibration_z,
    temperature_c,
    tool_health,
    cortisol,
    dopamine,
    serotonin,
    adrenaline,
    signal,
    anomaly_detected,
    active_tool,
    machine_id,
    job_id
) VALUES (
    '2026-01-24T10:35:16.438944',
    1273,
    43.89,
    0.863,
    0.7359,
    0.5593,
    25.7,
    0.9005,
    0,
    100,
    100,
    0,
    'OK',
    0,
    'T01',
    1,
    'JOB-000004'
);

INSERT INTO erp_telemetry (
    timestamp,
    rpm,
    load,
    vibration_x,
    vibration_y,
    vibration_z,
    temperature_c,
    tool_health,
    cortisol,
    dopamine,
    serotonin,
    adrenaline,
    signal,
    anomaly_detected,
    active_tool,
    machine_id,
    job_id
) VALUES (
    '2026-01-24T10:35:27.438944',
    1273,
    44.35,
    0.877,
    0.7547,
    0.5749,
    25.73,
    0.895,
    0,
    100,
    100,
    0,
    'OK',
    0,
    'T01',
    1,
    'JOB-000004'
);

INSERT INTO erp_telemetry (
    timestamp,
    rpm,
    load,
    vibration_x,
    vibration_y,
    vibration_z,
    temperature_c,
    tool_health,
    cortisol,
    dopamine,
    serotonin,
    adrenaline,
    signal,
    anomaly_detected,
    active_tool,
    machine_id,
    job_id
) VALUES (
    '2026-01-24T10:35:38.438944',
    1273,
    44.64,
    0.9019,
    0.7719,
    0.588,
    25.77,
    0.8895,
    0,
    100,
    100,
    0,
    'OK',
    0,
    'T01',
    1,
    'JOB-000004'
);

INSERT INTO erp_telemetry (
    timestamp,
    rpm,
    load,
    vibration_x,
    vibration_y,
    vibration_z,
    temperature_c,
    tool_health,
    cortisol,
    dopamine,
    serotonin,
    adrenaline,
    signal,
    anomaly_detected,
    active_tool,
    machine_id,
    job_id
) VALUES (
    '2026-01-24T10:35:49.438944',
    1273,
    44.59,
    0.9235,
    0.7849,
    0.5996,
    25.81,
    0.884,
    0,
    100,
    100,
    0,
    'OK',
    0,
    'T01',
    1,
    'JOB-000004'
);

INSERT INTO erp_telemetry (
    timestamp,
    rpm,
    load,
    vibration_x,
    vibration_y,
    vibration_z,
    temperature_c,
    tool_health,
    cortisol,
    dopamine,
    serotonin,
    adrenaline,
    signal,
    anomaly_detected,
    active_tool,
    machine_id,
    job_id
) VALUES (
    '2026-01-24T10:36:00.438944',
    1273,
    44.64,
    0.9437,
    0.8014,
    0.6142,
    25.85,
    0.8785,
    0,
    100,
    100,
    0,
    'OK',
    0,
    'T01',
    1,
    'JOB-000004'
);

INSERT INTO erp_telemetry (
    timestamp,
    rpm,
    load,
    vibration_x,
    vibration_y,
    vibration_z,
    temperature_c,
    tool_health,
    cortisol,
    dopamine,
    serotonin,
    adrenaline,
    signal,
    anomaly_detected,
    active_tool,
    machine_id,
    job_id
) VALUES (
    '2026-01-24T10:36:11.438944',
    1273,
    44.87,
    0.9611,
    0.8189,
    0.6266,
    25.89,
    0.873,
    0,
    100,
    100,
    0,
    'OK',
    0,
    'T01',
    1,
    'JOB-000004'
);

INSERT INTO erp_telemetry (
    timestamp,
    rpm,
    load,
    vibration_x,
    vibration_y,
    vibration_z,
    temperature_c,
    tool_health,
    cortisol,
    dopamine,
    serotonin,
    adrenaline,
    signal,
    anomaly_detected,
    active_tool,
    machine_id,
    job_id
) VALUES (
    '2026-01-24T10:36:22.438944',
    1273,
    44.91,
    0.9854,
    0.8379,
    0.6409,
    25.93,
    0.8675,
    0,
    100,
    100,
    0,
    'OK',
    0,
    'T01',
    1,
    'JOB-000004'
);

INSERT INTO erp_telemetry (
    timestamp,
    rpm,
    load,
    vibration_x,
    vibration_y,
    vibration_z,
    temperature_c,
    tool_health,
    cortisol,
    dopamine,
    serotonin,
    adrenaline,
    signal,
    anomaly_detected,
    active_tool,
    machine_id,
    job_id
) VALUES (
    '2026-01-24T10:36:33.438944',
    1273,
    45.16,
    1.0091,
    0.8526,
    0.6539,
    25.97,
    0.862,
    0,
    97.0,
    100,
    0,
    'OK',
    0,
    'T01',
    1,
    'JOB-000004'
);

INSERT INTO erp_telemetry (
    timestamp,
    rpm,
    load,
    vibration_x,
    vibration_y,
    vibration_z,
    temperature_c,
    tool_health,
    cortisol,
    dopamine,
    serotonin,
    adrenaline,
    signal,
    anomaly_detected,
    active_tool,
    machine_id,
    job_id
) VALUES (
    '2026-01-24T10:36:44.438944',
    1273,
    47.4,
    1.03,
    0.8703,
    0.6635,
    26.0,
    0.8565,
    0,
    86.0,
    100,
    0,
    'OK',
    0,
    'T01',
    1,
    'JOB-000004'
);

INSERT INTO erp_telemetry (
    timestamp,
    rpm,
    load,
    vibration_x,
    vibration_y,
    vibration_z,
    temperature_c,
    tool_health,
    cortisol,
    dopamine,
    serotonin,
    adrenaline,
    signal,
    anomaly_detected,
    active_tool,
    machine_id,
    job_id
) VALUES (
    '2026-01-24T10:36:55.438944',
    1273,
    46.36,
    1.0477,
    0.8853,
    0.68,
    26.04,
    0.851,
    0,
    75.0,
    100,
    0,
    'OK',
    0,
    'T01',
    1,
    'JOB-000004'
);

INSERT INTO erp_telemetry (
    timestamp,
    rpm,
    load,
    vibration_x,
    vibration_y,
    vibration_z,
    temperature_c,
    tool_health,
    cortisol,
    dopamine,
    serotonin,
    adrenaline,
    signal,
    anomaly_detected,
    active_tool,
    machine_id,
    job_id
) VALUES (
    '2026-01-24T10:37:06.438944',
    1273,
    46.3,
    1.068,
    0.9014,
    0.6906,
    26.08,
    0.8455,
    0,
    64.0,
    100,
    0,
    'OK',
    0,
    'T01',
    1,
    'JOB-000004'
);

INSERT INTO erp_telemetry (
    timestamp,
    rpm,
    load,
    vibration_x,
    vibration_y,
    vibration_z,
    temperature_c,
    tool_health,
    cortisol,
    dopamine,
    serotonin,
    adrenaline,
    signal,
    anomaly_detected,
    active_tool,
    machine_id,
    job_id
) VALUES (
    '2026-01-24T10:37:17.438944',
    1273,
    47.17,
    1.0862,
    0.9211,
    0.7041,
    26.12,
    0.84,
    0,
    53.0,
    100,
    0,
    'OK',
    0,
    'T01',
    1,
    'JOB-000004'
);

INSERT INTO erp_telemetry (
    timestamp,
    rpm,
    load,
    vibration_x,
    vibration_y,
    vibration_z,
    temperature_c,
    tool_health,
    cortisol,
    dopamine,
    serotonin,
    adrenaline,
    signal,
    anomaly_detected,
    active_tool,
    machine_id,
    job_id
) VALUES (
    '2026-01-24T10:37:28.438944',
    1273,
    46.24,
    1.1084,
    0.9389,
    0.7155,
    26.16,
    0.8345,
    0,
    42.0,
    100,
    0,
    'OK',
    0,
    'T01',
    1,
    'JOB-000004'
);

INSERT INTO erp_telemetry (
    timestamp,
    rpm,
    load,
    vibration_x,
    vibration_y,
    vibration_z,
    temperature_c,
    tool_health,
    cortisol,
    dopamine,
    serotonin,
    adrenaline,
    signal,
    anomaly_detected,
    active_tool,
    machine_id,
    job_id
) VALUES (
    '2026-01-24T10:37:39.438944',
    1273,
    46.86,
    1.133,
    0.9582,
    0.7283,
    26.2,
    0.829,
    0,
    31.0,
    100,
    0,
    'OK',
    0,
    'T01',
    1,
    'JOB-000004'
);

INSERT INTO erp_telemetry (
    timestamp,
    rpm,
    load,
    vibration_x,
    vibration_y,
    vibration_z,
    temperature_c,
    tool_health,
    cortisol,
    dopamine,
    serotonin,
    adrenaline,
    signal,
    anomaly_detected,
    active_tool,
    machine_id,
    job_id
) VALUES (
    '2026-01-24T10:37:50.438944',
    1273,
    46.65,
    1.1523,
    0.9734,
    0.7404,
    26.24,
    0.8235,
    0,
    20.0,
    100,
    0,
    'OK',
    0,
    'T01',
    1,
    'JOB-000004'
);

INSERT INTO erp_telemetry (
    timestamp,
    rpm,
    load,
    vibration_x,
    vibration_y,
    vibration_z,
    temperature_c,
    tool_health,
    cortisol,
    dopamine,
    serotonin,
    adrenaline,
    signal,
    anomaly_detected,
    active_tool,
    machine_id,
    job_id
) VALUES (
    '2026-01-24T10:38:01.438944',
    1273,
    47.84,
    1.1721,
    0.9888,
    0.7551,
    26.27,
    0.818,
    0,
    9.0,
    100,
    0,
    'OK',
    0,
    'T01',
    1,
    'JOB-000004'
);

INSERT INTO erp_telemetry (
    timestamp,
    rpm,
    load,
    vibration_x,
    vibration_y,
    vibration_z,
    temperature_c,
    tool_health,
    cortisol,
    dopamine,
    serotonin,
    adrenaline,
    signal,
    anomaly_detected,
    active_tool,
    machine_id,
    job_id
) VALUES (
    '2026-01-24T10:38:12.438944',
    1273,
    47.79,
    1.1913,
    1.0067,
    0.7689,
    26.31,
    0.8125,
    0,
    0,
    100,
    0,
    'OK',
    0,
    'T01',
    1,
    'JOB-000004'
);

INSERT INTO erp_telemetry (
    timestamp,
    rpm,
    load,
    vibration_x,
    vibration_y,
    vibration_z,
    temperature_c,
    tool_health,
    cortisol,
    dopamine,
    serotonin,
    adrenaline,
    signal,
    anomaly_detected,
    active_tool,
    machine_id,
    job_id
) VALUES (
    '2026-01-24T10:38:23.438944',
    1273,
    48.6,
    1.2128,
    1.0222,
    0.7815,
    26.35,
    0.807,
    0,
    0,
    100,
    0,
    'OK',
    0,
    'T01',
    1,
    'JOB-000004'
);

INSERT INTO erp_telemetry (
    timestamp,
    rpm,
    load,
    vibration_x,
    vibration_y,
    vibration_z,
    temperature_c,
    tool_health,
    cortisol,
    dopamine,
    serotonin,
    adrenaline,
    signal,
    anomaly_detected,
    active_tool,
    machine_id,
    job_id
) VALUES (
    '2026-01-24T10:38:34.438944',
    1273,
    48.0,
    1.236,
    1.0417,
    0.7953,
    26.39,
    0.8015,
    0,
    0,
    100,
    0,
    'OK',
    0,
    'T01',
    1,
    'JOB-000004'
);

INSERT INTO erp_telemetry (
    timestamp,
    rpm,
    load,
    vibration_x,
    vibration_y,
    vibration_z,
    temperature_c,
    tool_health,
    cortisol,
    dopamine,
    serotonin,
    adrenaline,
    signal,
    anomaly_detected,
    active_tool,
    machine_id,
    job_id
) VALUES (
    '2026-01-24T10:38:45.438944',
    1273,
    48.6,
    1.2562,
    1.0596,
    0.8076,
    26.43,
    0.796,
    0,
    0,
    100,
    0,
    'OK',
    0,
    'T01',
    1,
    'JOB-000004'
);

INSERT INTO erp_telemetry (
    timestamp,
    rpm,
    load,
    vibration_x,
    vibration_y,
    vibration_z,
    temperature_c,
    tool_health,
    cortisol,
    dopamine,
    serotonin,
    adrenaline,
    signal,
    anomaly_detected,
    active_tool,
    machine_id,
    job_id
) VALUES (
    '2026-01-24T10:38:56.438944',
    1273,
    48.13,
    1.2733,
    1.0742,
    0.818,
    26.47,
    0.7905,
    0,
    0,
    100,
    0,
    'OK',
    0,
    'T01',
    1,
    'JOB-000004'
);

INSERT INTO erp_telemetry (
    timestamp,
    rpm,
    load,
    vibration_x,
    vibration_y,
    vibration_z,
    temperature_c,
    tool_health,
    cortisol,
    dopamine,
    serotonin,
    adrenaline,
    signal,
    anomaly_detected,
    active_tool,
    machine_id,
    job_id
) VALUES (
    '2026-01-24T10:39:07.438944',
    1273,
    47.79,
    1.297,
    1.0882,
    0.8331,
    26.5,
    0.785,
    0,
    0,
    100,
    0,
    'OK',
    0,
    'T01',
    1,
    'JOB-000004'
);

INSERT INTO erp_telemetry (
    timestamp,
    rpm,
    load,
    vibration_x,
    vibration_y,
    vibration_z,
    temperature_c,
    tool_health,
    cortisol,
    dopamine,
    serotonin,
    adrenaline,
    signal,
    anomaly_detected,
    active_tool,
    machine_id,
    job_id
) VALUES (
    '2026-01-24T10:39:18.438944',
    1273,
    48.79,
    1.3157,
    1.1104,
    0.8439,
    26.54,
    0.7795,
    0,
    0,
    100,
    0,
    'OK',
    0,
    'T01',
    1,
    'JOB-000004'
);

INSERT INTO erp_telemetry (
    timestamp,
    rpm,
    load,
    vibration_x,
    vibration_y,
    vibration_z,
    temperature_c,
    tool_health,
    cortisol,
    dopamine,
    serotonin,
    adrenaline,
    signal,
    anomaly_detected,
    active_tool,
    machine_id,
    job_id
) VALUES (
    '2026-01-24T10:39:29.438944',
    1273,
    49.18,
    1.3358,
    1.1244,
    0.8599,
    26.58,
    0.774,
    0,
    0,
    100,
    0,
    'OK',
    0,
    'T01',
    1,
    'JOB-000004'
);

INSERT INTO erp_telemetry (
    timestamp,
    rpm,
    load,
    vibration_x,
    vibration_y,
    vibration_z,
    temperature_c,
    tool_health,
    cortisol,
    dopamine,
    serotonin,
    adrenaline,
    signal,
    anomaly_detected,
    active_tool,
    machine_id,
    job_id
) VALUES (
    '2026-01-24T10:39:40.438944',
    1273,
    49.7,
    1.3593,
    1.1415,
    0.872,
    26.62,
    0.7685,
    0,
    0,
    100,
    0,
    'OK',
    0,
    'T01',
    1,
    'JOB-000004'
);

INSERT INTO erp_telemetry (
    timestamp,
    rpm,
    load,
    vibration_x,
    vibration_y,
    vibration_z,
    temperature_c,
    tool_health,
    cortisol,
    dopamine,
    serotonin,
    adrenaline,
    signal,
    anomaly_detected,
    active_tool,
    machine_id,
    job_id
) VALUES (
    '2026-01-24T10:39:51.438944',
    1273,
    49.38,
    1.3774,
    1.1621,
    0.883,
    26.66,
    0.763,
    0,
    0,
    100,
    0,
    'OK',
    0,
    'T01',
    1,
    'JOB-000004'
);

INSERT INTO erp_telemetry (
    timestamp,
    rpm,
    load,
    vibration_x,
    vibration_y,
    vibration_z,
    temperature_c,
    tool_health,
    cortisol,
    dopamine,
    serotonin,
    adrenaline,
    signal,
    anomaly_detected,
    active_tool,
    machine_id,
    job_id
) VALUES (
    '2026-01-24T10:40:02.438944',
    1273,
    50.84,
    1.3972,
    1.1778,
    0.8974,
    26.7,
    0.7575,
    0,
    0,
    100,
    0,
    'OK',
    0,
    'T01',
    1,
    'JOB-000004'
);

INSERT INTO erp_telemetry (
    timestamp,
    rpm,
    load,
    vibration_x,
    vibration_y,
    vibration_z,
    temperature_c,
    tool_health,
    cortisol,
    dopamine,
    serotonin,
    adrenaline,
    signal,
    anomaly_detected,
    active_tool,
    machine_id,
    job_id
) VALUES (
    '2026-01-24T10:40:13.438944',
    1273,
    50.02,
    1.4225,
    1.1914,
    0.9052,
    26.74,
    0.752,
    0,
    0,
    100,
    0,
    'OK',
    0,
    'T01',
    1,
    'JOB-000004'
);

INSERT INTO erp_telemetry (
    timestamp,
    rpm,
    load,
    vibration_x,
    vibration_y,
    vibration_z,
    temperature_c,
    tool_health,
    cortisol,
    dopamine,
    serotonin,
    adrenaline,
    signal,
    anomaly_detected,
    active_tool,
    machine_id,
    job_id
) VALUES (
    '2026-01-24T10:40:24.438944',
    1273,
    50.5,
    1.4437,
    1.2131,
    0.9233,
    26.77,
    0.7465,
    0,
    0,
    100,
    0,
    'OK',
    0,
    'T01',
    1,
    'JOB-000004'
);

INSERT INTO erp_telemetry (
    timestamp,
    rpm,
    load,
    vibration_x,
    vibration_y,
    vibration_z,
    temperature_c,
    tool_health,
    cortisol,
    dopamine,
    serotonin,
    adrenaline,
    signal,
    anomaly_detected,
    active_tool,
    machine_id,
    job_id
) VALUES (
    '2026-01-24T10:40:35.438944',
    1273,
    50.04,
    1.462,
    1.2285,
    0.9357,
    26.81,
    0.741,
    0,
    0,
    100,
    0,
    'OK',
    0,
    'T01',
    1,
    'JOB-000004'
);

INSERT INTO erp_telemetry (
    timestamp,
    rpm,
    load,
    vibration_x,
    vibration_y,
    vibration_z,
    temperature_c,
    tool_health,
    cortisol,
    dopamine,
    serotonin,
    adrenaline,
    signal,
    anomaly_detected,
    active_tool,
    machine_id,
    job_id
) VALUES (
    '2026-01-24T10:40:46.438944',
    1273,
    51.09,
    1.4809,
    1.2466,
    0.9503,
    26.85,
    0.7355,
    0,
    0,
    100,
    0,
    'OK',
    0,
    'T01',
    1,
    'JOB-000004'
);

INSERT INTO erp_telemetry (
    timestamp,
    rpm,
    load,
    vibration_x,
    vibration_y,
    vibration_z,
    temperature_c,
    tool_health,
    cortisol,
    dopamine,
    serotonin,
    adrenaline,
    signal,
    anomaly_detected,
    active_tool,
    machine_id,
    job_id
) VALUES (
    '2026-01-24T10:40:57.438944',
    1273,
    50.76,
    1.5033,
    1.2617,
    0.96,
    26.89,
    0.73,
    0,
    0,
    100,
    0,
    'OK',
    0,
    'T01',
    1,
    'JOB-000004'
);


-- Reverse Engineering Project: MarineFix_Ltd_Shaft_Drive_REPL_601
-- Generated: 2026-01-24T10:31:58.438944
-- Scenario: Obsolescence - OEM no longer supports legacy equipment


-- Project: MarineFix_Ltd_Shaft_Drive_REPL_601
INSERT INTO erp_project (
    name,
    part_number,
    gcode,
    created_at,
    material,
    complexity_score,
    estimated_cycle_time,
    dimensions,
    llm_suggestions,
    success,
    vendor_name,
    part_type,
    failure_scenario
) VALUES (
    'MarineFix_Ltd_Shaft_Drive_REPL_601',
    'PN-B3056D86',
    '(G-Code generated from reverse-engineered CAD model)',
    '2026-01-24T10:31:58.438944',
    'BrassC360',
    0.47,
    26.47,
    '{"ideal": {"diameter": 72.019, "length": 360.096, "keyway_width": 18.005}, "scanned": {"diameter": 67.5994, "length": 353.4055, "keyway_width": 15.887}, "deviation": {"diameter": 4.4196, "length": 6.6905, "keyway_width": 2.118}, "max_deviation": 6.6905}',
    '{"material_recommendation": "BrassC360", "complexity_analysis": "Complexity score 0.47 - Medium", "tooling_suggestions": ["Carbide end mill for roughing", "Coated carbide for finishing"], "risk_factors": ["Material hardness requires careful tool selection", "Wear deviation of 6.691mm indicates significant usage"]}',
    1,
    'MarineFix_Ltd',
    'Shaft_Drive',
    'Obsolescence - OEM no longer supports legacy equipment'
);


-- Job for project 5
INSERT INTO erp_job (
    job_id,
    quantity,
    completed_quantity,
    priority,
    status,
    project_id,
    machine_id,
    started_at
) VALUES (
    'JOB-000005',
    1,
    1,
    1,
    'COMPLETED',
    5,
    1,
    datetime('now')
);


-- Telemetry Data (Biochemical + Physical)

INSERT INTO erp_telemetry (
    timestamp,
    rpm,
    load,
    vibration_x,
    vibration_y,
    vibration_z,
    temperature_c,
    tool_health,
    cortisol,
    dopamine,
    serotonin,
    adrenaline,
    signal,
    anomaly_detected,
    active_tool,
    machine_id,
    job_id
) VALUES (
    '2026-01-24T10:31:58.438944',
    1273,
    39.5,
    0.487,
    0.4299,
    0.329,
    25.0,
    0.9995,
    9.0,
    52.0,
    75.5,
    0,
    'OK',
    0,
    'T01',
    1,
    'JOB-000005'
);

INSERT INTO erp_telemetry (
    timestamp,
    rpm,
    load,
    vibration_x,
    vibration_y,
    vibration_z,
    temperature_c,
    tool_health,
    cortisol,
    dopamine,
    serotonin,
    adrenaline,
    signal,
    anomaly_detected,
    active_tool,
    machine_id,
    job_id
) VALUES (
    '2026-01-24T10:32:29.438944',
    1273,
    41.62,
    0.5421,
    0.4756,
    0.368,
    25.11,
    0.984,
    0,
    100,
    91.0,
    0,
    'OK',
    0,
    'T01',
    1,
    'JOB-000005'
);

INSERT INTO erp_telemetry (
    timestamp,
    rpm,
    load,
    vibration_x,
    vibration_y,
    vibration_z,
    temperature_c,
    tool_health,
    cortisol,
    dopamine,
    serotonin,
    adrenaline,
    signal,
    anomaly_detected,
    active_tool,
    machine_id,
    job_id
) VALUES (
    '2026-01-24T10:33:00.438944',
    1273,
    40.95,
    0.6019,
    0.525,
    0.4022,
    25.22,
    0.9685,
    0,
    100,
    100,
    0,
    'OK',
    0,
    'T01',
    1,
    'JOB-000005'
);

INSERT INTO erp_telemetry (
    timestamp,
    rpm,
    load,
    vibration_x,
    vibration_y,
    vibration_z,
    temperature_c,
    tool_health,
    cortisol,
    dopamine,
    serotonin,
    adrenaline,
    signal,
    anomaly_detected,
    active_tool,
    machine_id,
    job_id
) VALUES (
    '2026-01-24T10:33:31.438944',
    1273,
    41.83,
    0.6644,
    0.572,
    0.4399,
    25.33,
    0.953,
    0,
    100,
    100,
    0,
    'OK',
    0,
    'T01',
    1,
    'JOB-000005'
);

INSERT INTO erp_telemetry (
    timestamp,
    rpm,
    load,
    vibration_x,
    vibration_y,
    vibration_z,
    temperature_c,
    tool_health,
    cortisol,
    dopamine,
    serotonin,
    adrenaline,
    signal,
    anomaly_detected,
    active_tool,
    machine_id,
    job_id
) VALUES (
    '2026-01-24T10:34:02.438944',
    1273,
    43.2,
    0.7202,
    0.6216,
    0.4746,
    25.44,
    0.9375,
    0,
    100,
    100,
    0,
    'OK',
    0,
    'T01',
    1,
    'JOB-000005'
);

INSERT INTO erp_telemetry (
    timestamp,
    rpm,
    load,
    vibration_x,
    vibration_y,
    vibration_z,
    temperature_c,
    tool_health,
    cortisol,
    dopamine,
    serotonin,
    adrenaline,
    signal,
    anomaly_detected,
    active_tool,
    machine_id,
    job_id
) VALUES (
    '2026-01-24T10:34:33.438944',
    1273,
    42.53,
    0.7798,
    0.6671,
    0.5121,
    25.55,
    0.922,
    0,
    100,
    100,
    0,
    'OK',
    0,
    'T01',
    1,
    'JOB-000005'
);

INSERT INTO erp_telemetry (
    timestamp,
    rpm,
    load,
    vibration_x,
    vibration_y,
    vibration_z,
    temperature_c,
    tool_health,
    cortisol,
    dopamine,
    serotonin,
    adrenaline,
    signal,
    anomaly_detected,
    active_tool,
    machine_id,
    job_id
) VALUES (
    '2026-01-24T10:35:04.438944',
    1273,
    44.04,
    0.8385,
    0.7136,
    0.5495,
    25.65,
    0.9065,
    0,
    100,
    100,
    0,
    'OK',
    0,
    'T01',
    1,
    'JOB-000005'
);

INSERT INTO erp_telemetry (
    timestamp,
    rpm,
    load,
    vibration_x,
    vibration_y,
    vibration_z,
    temperature_c,
    tool_health,
    cortisol,
    dopamine,
    serotonin,
    adrenaline,
    signal,
    anomaly_detected,
    active_tool,
    machine_id,
    job_id
) VALUES (
    '2026-01-24T10:35:35.438944',
    1273,
    44.17,
    0.8967,
    0.7612,
    0.5857,
    25.76,
    0.891,
    0,
    100,
    100,
    0,
    'OK',
    0,
    'T01',
    1,
    'JOB-000005'
);

INSERT INTO erp_telemetry (
    timestamp,
    rpm,
    load,
    vibration_x,
    vibration_y,
    vibration_z,
    temperature_c,
    tool_health,
    cortisol,
    dopamine,
    serotonin,
    adrenaline,
    signal,
    anomaly_detected,
    active_tool,
    machine_id,
    job_id
) VALUES (
    '2026-01-24T10:36:06.438944',
    1273,
    46.0,
    0.9527,
    0.8104,
    0.6195,
    25.87,
    0.8755,
    0,
    100,
    100,
    0,
    'OK',
    0,
    'T01',
    1,
    'JOB-000005'
);

INSERT INTO erp_telemetry (
    timestamp,
    rpm,
    load,
    vibration_x,
    vibration_y,
    vibration_z,
    temperature_c,
    tool_health,
    cortisol,
    dopamine,
    serotonin,
    adrenaline,
    signal,
    anomaly_detected,
    active_tool,
    machine_id,
    job_id
) VALUES (
    '2026-01-24T10:36:37.438944',
    1273,
    45.85,
    1.0105,
    0.8592,
    0.6582,
    25.98,
    0.86,
    0,
    94.0,
    100,
    0,
    'OK',
    0,
    'T01',
    1,
    'JOB-000005'
);

INSERT INTO erp_telemetry (
    timestamp,
    rpm,
    load,
    vibration_x,
    vibration_y,
    vibration_z,
    temperature_c,
    tool_health,
    cortisol,
    dopamine,
    serotonin,
    adrenaline,
    signal,
    anomaly_detected,
    active_tool,
    machine_id,
    job_id
) VALUES (
    '2026-01-24T10:37:08.438944',
    1273,
    47.18,
    1.071,
    0.906,
    0.6932,
    26.09,
    0.8445,
    0,
    63.0,
    100,
    0,
    'OK',
    0,
    'T01',
    1,
    'JOB-000005'
);

INSERT INTO erp_telemetry (
    timestamp,
    rpm,
    load,
    vibration_x,
    vibration_y,
    vibration_z,
    temperature_c,
    tool_health,
    cortisol,
    dopamine,
    serotonin,
    adrenaline,
    signal,
    anomaly_detected,
    active_tool,
    machine_id,
    job_id
) VALUES (
    '2026-01-24T10:37:39.438944',
    1273,
    46.65,
    1.1322,
    0.9569,
    0.7296,
    26.2,
    0.829,
    0,
    32.0,
    100,
    0,
    'OK',
    0,
    'T01',
    1,
    'JOB-000005'
);

INSERT INTO erp_telemetry (
    timestamp,
    rpm,
    load,
    vibration_x,
    vibration_y,
    vibration_z,
    temperature_c,
    tool_health,
    cortisol,
    dopamine,
    serotonin,
    adrenaline,
    signal,
    anomaly_detected,
    active_tool,
    machine_id,
    job_id
) VALUES (
    '2026-01-24T10:38:10.438944',
    1273,
    47.72,
    1.1912,
    1.0009,
    0.7667,
    26.31,
    0.8135,
    0,
    1.0,
    100,
    0,
    'OK',
    0,
    'T01',
    1,
    'JOB-000005'
);

INSERT INTO erp_telemetry (
    timestamp,
    rpm,
    load,
    vibration_x,
    vibration_y,
    vibration_z,
    temperature_c,
    tool_health,
    cortisol,
    dopamine,
    serotonin,
    adrenaline,
    signal,
    anomaly_detected,
    active_tool,
    machine_id,
    job_id
) VALUES (
    '2026-01-24T10:38:41.438944',
    1273,
    48.15,
    1.2479,
    1.0462,
    0.8009,
    26.41,
    0.798,
    0,
    0,
    100,
    0,
    'OK',
    0,
    'T01',
    1,
    'JOB-000005'
);

INSERT INTO erp_telemetry (
    timestamp,
    rpm,
    load,
    vibration_x,
    vibration_y,
    vibration_z,
    temperature_c,
    tool_health,
    cortisol,
    dopamine,
    serotonin,
    adrenaline,
    signal,
    anomaly_detected,
    active_tool,
    machine_id,
    job_id
) VALUES (
    '2026-01-24T10:39:12.438944',
    1273,
    48.78,
    1.306,
    1.0972,
    0.8392,
    26.52,
    0.7825,
    0,
    0,
    100,
    0,
    'OK',
    0,
    'T01',
    1,
    'JOB-000005'
);

INSERT INTO erp_telemetry (
    timestamp,
    rpm,
    load,
    vibration_x,
    vibration_y,
    vibration_z,
    temperature_c,
    tool_health,
    cortisol,
    dopamine,
    serotonin,
    adrenaline,
    signal,
    anomaly_detected,
    active_tool,
    machine_id,
    job_id
) VALUES (
    '2026-01-24T10:39:43.438944',
    1273,
    48.13,
    1.3654,
    1.1483,
    0.8758,
    26.63,
    0.767,
    0,
    0,
    100,
    0,
    'OK',
    0,
    'T01',
    1,
    'JOB-000005'
);

INSERT INTO erp_telemetry (
    timestamp,
    rpm,
    load,
    vibration_x,
    vibration_y,
    vibration_z,
    temperature_c,
    tool_health,
    cortisol,
    dopamine,
    serotonin,
    adrenaline,
    signal,
    anomaly_detected,
    active_tool,
    machine_id,
    job_id
) VALUES (
    '2026-01-24T10:40:14.438944',
    1273,
    50.13,
    1.4227,
    1.1957,
    0.9105,
    26.74,
    0.7515,
    0,
    0,
    100,
    0,
    'OK',
    0,
    'T01',
    1,
    'JOB-000005'
);

INSERT INTO erp_telemetry (
    timestamp,
    rpm,
    load,
    vibration_x,
    vibration_y,
    vibration_z,
    temperature_c,
    tool_health,
    cortisol,
    dopamine,
    serotonin,
    adrenaline,
    signal,
    anomaly_detected,
    active_tool,
    machine_id,
    job_id
) VALUES (
    '2026-01-24T10:40:45.438944',
    1273,
    49.72,
    1.4819,
    1.2433,
    0.9477,
    26.85,
    0.736,
    0,
    0,
    100,
    0,
    'OK',
    0,
    'T01',
    1,
    'JOB-000005'
);

INSERT INTO erp_telemetry (
    timestamp,
    rpm,
    load,
    vibration_x,
    vibration_y,
    vibration_z,
    temperature_c,
    tool_health,
    cortisol,
    dopamine,
    serotonin,
    adrenaline,
    signal,
    anomaly_detected,
    active_tool,
    machine_id,
    job_id
) VALUES (
    '2026-01-24T10:41:16.438944',
    1273,
    50.92,
    1.5396,
    1.2902,
    0.9839,
    26.96,
    0.7205,
    0,
    0,
    100,
    0,
    'OK',
    0,
    'T01',
    1,
    'JOB-000005'
);

INSERT INTO erp_telemetry (
    timestamp,
    rpm,
    load,
    vibration_x,
    vibration_y,
    vibration_z,
    temperature_c,
    tool_health,
    cortisol,
    dopamine,
    serotonin,
    adrenaline,
    signal,
    anomaly_detected,
    active_tool,
    machine_id,
    job_id
) VALUES (
    '2026-01-24T10:41:47.438944',
    1273,
    52.87,
    1.6017,
    1.3407,
    1.0217,
    27.06,
    0.705,
    0,
    0,
    100,
    0,
    'OK',
    0,
    'T01',
    1,
    'JOB-000005'
);

INSERT INTO erp_telemetry (
    timestamp,
    rpm,
    load,
    vibration_x,
    vibration_y,
    vibration_z,
    temperature_c,
    tool_health,
    cortisol,
    dopamine,
    serotonin,
    adrenaline,
    signal,
    anomaly_detected,
    active_tool,
    machine_id,
    job_id
) VALUES (
    '2026-01-24T10:42:18.438944',
    1273,
    51.87,
    1.6563,
    1.3874,
    1.057,
    27.17,
    0.6895,
    0,
    0,
    100,
    0,
    'OK',
    0,
    'T01',
    1,
    'JOB-000005'
);

INSERT INTO erp_telemetry (
    timestamp,
    rpm,
    load,
    vibration_x,
    vibration_y,
    vibration_z,
    temperature_c,
    tool_health,
    cortisol,
    dopamine,
    serotonin,
    adrenaline,
    signal,
    anomaly_detected,
    active_tool,
    machine_id,
    job_id
) VALUES (
    '2026-01-24T10:42:49.438944',
    1273,
    53.06,
    1.7128,
    1.4328,
    1.0923,
    27.28,
    0.6739,
    0,
    0,
    100,
    0,
    'OK',
    0,
    'T01',
    1,
    'JOB-000005'
);

INSERT INTO erp_telemetry (
    timestamp,
    rpm,
    load,
    vibration_x,
    vibration_y,
    vibration_z,
    temperature_c,
    tool_health,
    cortisol,
    dopamine,
    serotonin,
    adrenaline,
    signal,
    anomaly_detected,
    active_tool,
    machine_id,
    job_id
) VALUES (
    '2026-01-24T10:43:20.438944',
    1273,
    54.99,
    1.7759,
    1.4838,
    1.1284,
    27.39,
    0.6584,
    0,
    0,
    100,
    0,
    'OK',
    0,
    'T01',
    1,
    'JOB-000005'
);

INSERT INTO erp_telemetry (
    timestamp,
    rpm,
    load,
    vibration_x,
    vibration_y,
    vibration_z,
    temperature_c,
    tool_health,
    cortisol,
    dopamine,
    serotonin,
    adrenaline,
    signal,
    anomaly_detected,
    active_tool,
    machine_id,
    job_id
) VALUES (
    '2026-01-24T10:43:51.438944',
    1273,
    54.57,
    1.8312,
    1.5319,
    1.1624,
    27.5,
    0.6429,
    0,
    0,
    100,
    0,
    'OK',
    0,
    'T01',
    1,
    'JOB-000005'
);

INSERT INTO erp_telemetry (
    timestamp,
    rpm,
    load,
    vibration_x,
    vibration_y,
    vibration_z,
    temperature_c,
    tool_health,
    cortisol,
    dopamine,
    serotonin,
    adrenaline,
    signal,
    anomaly_detected,
    active_tool,
    machine_id,
    job_id
) VALUES (
    '2026-01-24T10:44:22.438944',
    1273,
    54.46,
    1.8919,
    1.5783,
    1.201,
    27.61,
    0.6274,
    0,
    0,
    100,
    0,
    'OK',
    0,
    'T01',
    1,
    'JOB-000005'
);

INSERT INTO erp_telemetry (
    timestamp,
    rpm,
    load,
    vibration_x,
    vibration_y,
    vibration_z,
    temperature_c,
    tool_health,
    cortisol,
    dopamine,
    serotonin,
    adrenaline,
    signal,
    anomaly_detected,
    active_tool,
    machine_id,
    job_id
) VALUES (
    '2026-01-24T10:44:53.438944',
    1273,
    55.19,
    1.9474,
    1.626,
    1.2369,
    27.72,
    0.6119,
    0,
    0,
    100,
    0,
    'OK',
    0,
    'T01',
    1,
    'JOB-000005'
);

INSERT INTO erp_telemetry (
    timestamp,
    rpm,
    load,
    vibration_x,
    vibration_y,
    vibration_z,
    temperature_c,
    tool_health,
    cortisol,
    dopamine,
    serotonin,
    adrenaline,
    signal,
    anomaly_detected,
    active_tool,
    machine_id,
    job_id
) VALUES (
    '2026-01-24T10:45:24.438944',
    1273,
    56.74,
    2.0078,
    1.6743,
    1.2759,
    27.82,
    0.5964,
    19.0,
    0,
    100,
    0,
    'WARNING',
    0,
    'T01',
    1,
    'JOB-000005'
);

INSERT INTO erp_telemetry (
    timestamp,
    rpm,
    load,
    vibration_x,
    vibration_y,
    vibration_z,
    temperature_c,
    tool_health,
    cortisol,
    dopamine,
    serotonin,
    adrenaline,
    signal,
    anomaly_detected,
    active_tool,
    machine_id,
    job_id
) VALUES (
    '2026-01-24T10:45:55.438944',
    1273,
    57.04,
    2.0625,
    1.7221,
    1.3087,
    27.93,
    0.5809,
    100,
    0,
    100,
    0,
    'WARNING',
    0,
    'T01',
    1,
    'JOB-000005'
);

INSERT INTO erp_telemetry (
    timestamp,
    rpm,
    load,
    vibration_x,
    vibration_y,
    vibration_z,
    temperature_c,
    tool_health,
    cortisol,
    dopamine,
    serotonin,
    adrenaline,
    signal,
    anomaly_detected,
    active_tool,
    machine_id,
    job_id
) VALUES (
    '2026-01-24T10:46:26.438944',
    1273,
    57.2,
    2.1208,
    1.7695,
    1.3477,
    28.04,
    0.5654,
    100,
    0,
    100,
    0,
    'WARNING',
    0,
    'T01',
    1,
    'JOB-000005'
);

INSERT INTO erp_telemetry (
    timestamp,
    rpm,
    load,
    vibration_x,
    vibration_y,
    vibration_z,
    temperature_c,
    tool_health,
    cortisol,
    dopamine,
    serotonin,
    adrenaline,
    signal,
    anomaly_detected,
    active_tool,
    machine_id,
    job_id
) VALUES (
    '2026-01-24T10:46:57.438944',
    1273,
    57.84,
    2.1806,
    1.8184,
    1.3824,
    28.15,
    0.5499,
    100,
    0,
    100,
    0,
    'WARNING',
    0,
    'T01',
    1,
    'JOB-000005'
);

INSERT INTO erp_telemetry (
    timestamp,
    rpm,
    load,
    vibration_x,
    vibration_y,
    vibration_z,
    temperature_c,
    tool_health,
    cortisol,
    dopamine,
    serotonin,
    adrenaline,
    signal,
    anomaly_detected,
    active_tool,
    machine_id,
    job_id
) VALUES (
    '2026-01-24T10:47:28.438944',
    1273,
    58.38,
    2.2373,
    1.8657,
    1.4206,
    28.26,
    0.5343,
    100,
    0,
    100,
    0,
    'WARNING',
    0,
    'T01',
    1,
    'JOB-000005'
);

INSERT INTO erp_telemetry (
    timestamp,
    rpm,
    load,
    vibration_x,
    vibration_y,
    vibration_z,
    temperature_c,
    tool_health,
    cortisol,
    dopamine,
    serotonin,
    adrenaline,
    signal,
    anomaly_detected,
    active_tool,
    machine_id,
    job_id
) VALUES (
    '2026-01-24T10:47:59.438944',
    1273,
    59.06,
    2.2974,
    1.9141,
    1.4567,
    28.37,
    0.5188,
    100,
    0,
    100,
    0,
    'WARNING',
    0,
    'T01',
    1,
    'JOB-000005'
);

INSERT INTO erp_telemetry (
    timestamp,
    rpm,
    load,
    vibration_x,
    vibration_y,
    vibration_z,
    temperature_c,
    tool_health,
    cortisol,
    dopamine,
    serotonin,
    adrenaline,
    signal,
    anomaly_detected,
    active_tool,
    machine_id,
    job_id
) VALUES (
    '2026-01-24T10:48:30.438944',
    1273,
    59.97,
    2.3564,
    1.9618,
    1.4903,
    28.48,
    0.5033,
    100,
    0,
    100,
    0,
    'WARNING',
    0,
    'T01',
    1,
    'JOB-000005'
);

INSERT INTO erp_telemetry (
    timestamp,
    rpm,
    load,
    vibration_x,
    vibration_y,
    vibration_z,
    temperature_c,
    tool_health,
    cortisol,
    dopamine,
    serotonin,
    adrenaline,
    signal,
    anomaly_detected,
    active_tool,
    machine_id,
    job_id
) VALUES (
    '2026-01-24T10:49:01.438944',
    1273,
    61.17,
    2.4137,
    2.0107,
    1.5269,
    28.58,
    0.4878,
    100,
    0,
    100,
    0,
    'WARNING',
    0,
    'T01',
    1,
    'JOB-000005'
);

INSERT INTO erp_telemetry (
    timestamp,
    rpm,
    load,
    vibration_x,
    vibration_y,
    vibration_z,
    temperature_c,
    tool_health,
    cortisol,
    dopamine,
    serotonin,
    adrenaline,
    signal,
    anomaly_detected,
    active_tool,
    machine_id,
    job_id
) VALUES (
    '2026-01-24T10:49:32.438944',
    1273,
    60.54,
    2.476,
    2.062,
    1.5631,
    28.69,
    0.4723,
    100,
    0,
    100,
    0,
    'WARNING',
    0,
    'T01',
    1,
    'JOB-000005'
);

INSERT INTO erp_telemetry (
    timestamp,
    rpm,
    load,
    vibration_x,
    vibration_y,
    vibration_z,
    temperature_c,
    tool_health,
    cortisol,
    dopamine,
    serotonin,
    adrenaline,
    signal,
    anomaly_detected,
    active_tool,
    machine_id,
    job_id
) VALUES (
    '2026-01-24T10:50:03.438944',
    1273,
    61.34,
    2.5318,
    2.1067,
    1.6001,
    28.8,
    0.4567,
    100,
    0,
    100,
    0,
    'WARNING',
    0,
    'T01',
    1,
    'JOB-000005'
);

INSERT INTO erp_telemetry (
    timestamp,
    rpm,
    load,
    vibration_x,
    vibration_y,
    vibration_z,
    temperature_c,
    tool_health,
    cortisol,
    dopamine,
    serotonin,
    adrenaline,
    signal,
    anomaly_detected,
    active_tool,
    machine_id,
    job_id
) VALUES (
    '2026-01-24T10:50:34.438944',
    1273,
    62.69,
    2.5907,
    2.1545,
    1.636,
    28.91,
    0.4412,
    100,
    0,
    100,
    0,
    'WARNING',
    0,
    'T01',
    1,
    'JOB-000005'
);

INSERT INTO erp_telemetry (
    timestamp,
    rpm,
    load,
    vibration_x,
    vibration_y,
    vibration_z,
    temperature_c,
    tool_health,
    cortisol,
    dopamine,
    serotonin,
    adrenaline,
    signal,
    anomaly_detected,
    active_tool,
    machine_id,
    job_id
) VALUES (
    '2026-01-24T10:51:05.438944',
    1273,
    63.46,
    2.6528,
    2.2049,
    1.6753,
    29.02,
    0.4257,
    100,
    0,
    100,
    0,
    'WARNING',
    0,
    'T01',
    1,
    'JOB-000005'
);

INSERT INTO erp_telemetry (
    timestamp,
    rpm,
    load,
    vibration_x,
    vibration_y,
    vibration_z,
    temperature_c,
    tool_health,
    cortisol,
    dopamine,
    serotonin,
    adrenaline,
    signal,
    anomaly_detected,
    active_tool,
    machine_id,
    job_id
) VALUES (
    '2026-01-24T10:51:36.438944',
    1273,
    63.28,
    2.7113,
    2.2521,
    1.7087,
    29.13,
    0.4102,
    100,
    0,
    100,
    0,
    'WARNING',
    0,
    'T01',
    1,
    'JOB-000005'
);

INSERT INTO erp_telemetry (
    timestamp,
    rpm,
    load,
    vibration_x,
    vibration_y,
    vibration_z,
    temperature_c,
    tool_health,
    cortisol,
    dopamine,
    serotonin,
    adrenaline,
    signal,
    anomaly_detected,
    active_tool,
    machine_id,
    job_id
) VALUES (
    '2026-01-24T10:52:07.438944',
    1273,
    64.95,
    2.7651,
    2.298,
    1.7445,
    29.23,
    0.3946,
    100,
    0,
    100,
    0,
    'WARNING',
    0,
    'T01',
    1,
    'JOB-000005'
);

INSERT INTO erp_telemetry (
    timestamp,
    rpm,
    load,
    vibration_x,
    vibration_y,
    vibration_z,
    temperature_c,
    tool_health,
    cortisol,
    dopamine,
    serotonin,
    adrenaline,
    signal,
    anomaly_detected,
    active_tool,
    machine_id,
    job_id
) VALUES (
    '2026-01-24T10:52:38.438944',
    1273,
    65.14,
    2.8271,
    2.3465,
    1.7824,
    29.34,
    0.3791,
    100,
    0,
    100,
    0,
    'WARNING',
    0,
    'T01',
    1,
    'JOB-000005'
);

INSERT INTO erp_telemetry (
    timestamp,
    rpm,
    load,
    vibration_x,
    vibration_y,
    vibration_z,
    temperature_c,
    tool_health,
    cortisol,
    dopamine,
    serotonin,
    adrenaline,
    signal,
    anomaly_detected,
    active_tool,
    machine_id,
    job_id
) VALUES (
    '2026-01-24T10:53:09.438944',
    1273,
    65.87,
    2.8853,
    2.395,
    1.8196,
    29.45,
    0.3636,
    100,
    0,
    100,
    0,
    'WARNING',
    0,
    'T01',
    1,
    'JOB-000005'
);

INSERT INTO erp_telemetry (
    timestamp,
    rpm,
    load,
    vibration_x,
    vibration_y,
    vibration_z,
    temperature_c,
    tool_health,
    cortisol,
    dopamine,
    serotonin,
    adrenaline,
    signal,
    anomaly_detected,
    active_tool,
    machine_id,
    job_id
) VALUES (
    '2026-01-24T10:53:40.438944',
    1273,
    66.7,
    2.9408,
    2.4409,
    1.8543,
    29.56,
    0.348,
    100,
    0,
    100,
    0,
    'WARNING',
    0,
    'T01',
    1,
    'JOB-000005'
);

INSERT INTO erp_telemetry (
    timestamp,
    rpm,
    load,
    vibration_x,
    vibration_y,
    vibration_z,
    temperature_c,
    tool_health,
    cortisol,
    dopamine,
    serotonin,
    adrenaline,
    signal,
    anomaly_detected,
    active_tool,
    machine_id,
    job_id
) VALUES (
    '2026-01-24T10:54:11.438944',
    1273,
    68.03,
    3.0001,
    2.4879,
    1.8904,
    29.67,
    0.3325,
    100,
    0,
    97.0,
    0,
    'WARNING',
    0,
    'T01',
    1,
    'JOB-000005'
);

INSERT INTO erp_telemetry (
    timestamp,
    rpm,
    load,
    vibration_x,
    vibration_y,
    vibration_z,
    temperature_c,
    tool_health,
    cortisol,
    dopamine,
    serotonin,
    adrenaline,
    signal,
    anomaly_detected,
    active_tool,
    machine_id,
    job_id
) VALUES (
    '2026-01-24T10:54:42.438944',
    1273,
    67.29,
    3.0594,
    2.5401,
    1.9291,
    29.78,
    0.317,
    100,
    0,
    4.0,
    0,
    'WARNING',
    0,
    'T01',
    1,
    'JOB-000005'
);

INSERT INTO erp_telemetry (
    timestamp,
    rpm,
    load,
    vibration_x,
    vibration_y,
    vibration_z,
    temperature_c,
    tool_health,
    cortisol,
    dopamine,
    serotonin,
    adrenaline,
    signal,
    anomaly_detected,
    active_tool,
    machine_id,
    job_id
) VALUES (
    '2026-01-24T10:55:13.438944',
    1273,
    67.45,
    3.1213,
    2.5835,
    1.9653,
    29.89,
    0.3014,
    100,
    0,
    0,
    0,
    'WARNING',
    0,
    'T01',
    1,
    'JOB-000005'
);

INSERT INTO erp_telemetry (
    timestamp,
    rpm,
    load,
    vibration_x,
    vibration_y,
    vibration_z,
    temperature_c,
    tool_health,
    cortisol,
    dopamine,
    serotonin,
    adrenaline,
    signal,
    anomaly_detected,
    active_tool,
    machine_id,
    job_id
) VALUES (
    '2026-01-24T10:55:44.438944',
    1273,
    68.6,
    3.1746,
    2.6342,
    1.9996,
    29.99,
    0.2859,
    100,
    0,
    0,
    0,
    'WARNING',
    0,
    'T01',
    1,
    'JOB-000005'
);

INSERT INTO erp_telemetry (
    timestamp,
    rpm,
    load,
    vibration_x,
    vibration_y,
    vibration_z,
    temperature_c,
    tool_health,
    cortisol,
    dopamine,
    serotonin,
    adrenaline,
    signal,
    anomaly_detected,
    active_tool,
    machine_id,
    job_id
) VALUES (
    '2026-01-24T10:56:15.438944',
    1273,
    68.64,
    3.2326,
    2.6813,
    2.0375,
    30.1,
    0.2704,
    100,
    0,
    0,
    0,
    'WARNING',
    0,
    'T01',
    1,
    'JOB-000005'
);

INSERT INTO erp_telemetry (
    timestamp,
    rpm,
    load,
    vibration_x,
    vibration_y,
    vibration_z,
    temperature_c,
    tool_health,
    cortisol,
    dopamine,
    serotonin,
    adrenaline,
    signal,
    anomaly_detected,
    active_tool,
    machine_id,
    job_id
) VALUES (
    '2026-01-24T10:56:46.438944',
    1273,
    69.43,
    3.2965,
    2.7312,
    2.0728,
    30.21,
    0.2548,
    100,
    0,
    0,
    0,
    'WARNING',
    0,
    'T01',
    1,
    'JOB-000005'
);

INSERT INTO erp_telemetry (
    timestamp,
    rpm,
    load,
    vibration_x,
    vibration_y,
    vibration_z,
    temperature_c,
    tool_health,
    cortisol,
    dopamine,
    serotonin,
    adrenaline,
    signal,
    anomaly_detected,
    active_tool,
    machine_id,
    job_id
) VALUES (
    '2026-01-24T10:57:17.438944',
    1273,
    70.25,
    3.3503,
    2.7787,
    2.1085,
    30.32,
    0.2393,
    100,
    0,
    0,
    0,
    'WARNING',
    0,
    'T01',
    1,
    'JOB-000005'
);


COMMIT;